claim_id,policy_id,event_id,date_of_loss,reported_date,peril_type,claim_status,incurred_amount,paid_to_date,snapshot_date
CLM-001026,POL-002323,CYC-2024-01,2024-01-23,2024-01-28,Wind,Open,109435.68,0.0,2024-01-28
CLM-001026,POL-002323,CYC-2024-01,2024-01-23,2024-01-28,Wind,Closed,209738.18,200404.14,2024-03-22
CLM-001027,POL-003105,CYC-2024-01,2024-01-24,2024-02-01,Storm Surge,Open,100218.99,0.0,2024-02-01
CLM-001027,POL-003105,CYC-2024-01,2024-01-24,2024-02-01,Storm Surge,Closed,173230.34,153419.6,2024-03-11
CLM-001028,POL-002136,CYC-2025-01,2025-02-08,2025-02-11,Wind,Open,147813.28,0.0,2025-02-11
CLM-001029,POL-001668,CYC-2025-01,2025-02-09,2025-02-17,Riverine Flood,Open,45572.58,0.0,2025-02-17
CLM-001029,POL-001668,CYC-2025-01,2025-02-09,2025-02-17,Riverine Flood,Reopened,127392.49,99963.5,2025-08-23
CLM-001030,POL-001923,CYC-2025-01,2025-02-10,2025-02-14,Storm Surge,Open,16675.49,0.0,2025-02-14
CLM-001030,POL-001923,CYC-2025-01,2025-02-10,2025-02-14,Storm Surge,Closed,45334.25,45281.43,2025-03-30
CLM-001031,POL-003769,CYC-2024-01,2024-01-24,2024-01-27,Wind,Open,94705.12,0.0,2024-01-27
CLM-001031,POL-003769,CYC-2024-01,2024-01-24,2024-01-27,Wind,Closed,162097.16,157236.63,2024-04-27
CLM-001032,POL-002215,CYC-2023-02,2023-12-04,2023-12-15,Riverine Flood,Open,84316.22,0.0,2023-12-15
CLM-001032,POL-002215,CYC-2023-02,2023-12-04,2023-12-15,Riverine Flood,Closed,280473.52,266086.2,2024-02-24
CLM-001033,POL-003718,CYC-2025-02,2025-11-29,2025-12-13,Wind,Open,85327.92,0.0,2025-12-13
CLM-001034,POL-001216,CYC-2024-01,2024-01-24,2024-01-27,Riverine Flood,Open,113726.74,0.0,2024-01-27
CLM-001034,POL-001216,CYC-2024-01,2024-01-24,2024-01-27,Riverine Flood,Closed,293097.28,277944.17,2024-06-27
CLM-001035,POL-001399,CYC-2024-01,2024-01-24,2024-01-27,Wind,Open,33874.78,0.0,2024-01-27
CLM-001036,POL-001201,CYC-2024-01,2024-01-24,2024-02-04,Storm Surge,Open,147125.19,0.0,2024-02-04
CLM-001036,POL-001201,CYC-2024-01,2024-01-24,2024-02-04,Storm Surge,Closed,302076.61,276731.77,2024-03-04
CLM-001037,POL-001175,CYC-2025-01,2025-02-08,2025-02-22,Wind,Open,125354.61,0.0,2025-02-22
CLM-001038,POL-003051,CYC-2024-01,2024-01-22,2024-02-05,Wind,Open,333501.83,0.0,2024-02-05
CLM-001038,POL-003051,CYC-2024-01,2024-01-22,2024-02-05,Wind,Closed,986876.36,889102.32,2024-03-31
CLM-001039,POL-000276,CYC-2023-01,2023-02-12,2023-02-23,Wind,Open,202627.38,0.0,2023-02-23
CLM-001039,POL-000276,CYC-2023-01,2023-02-12,2023-02-23,Wind,Closed,546117.53,543785.55,2023-07-08
CLM-001040,POL-001426,CYC-2025-01,2025-02-10,2025-02-12,Riverine Flood,Open,45704.09,0.0,2025-02-12
CLM-001040,POL-001426,CYC-2025-01,2025-02-10,2025-02-12,Riverine Flood,Closed,133714.35,128578.44,2025-03-12
CLM-001041,POL-002416,CYC-2025-01,2025-02-08,2025-02-21,Riverine Flood,Open,96925.61,0.0,2025-02-21
CLM-001042,POL-002283,CYC-2024-02,2024-03-15,2024-03-29,Wind,Open,34397.83,0.0,2024-03-29
CLM-001042,POL-002283,CYC-2024-02,2024-03-15,2024-03-29,Wind,Closed,108830.7,98301.32,2024-06-14
CLM-001043,POL-002312,CYC-2023-02,2023-12-03,2023-12-17,Riverine Flood,Open,48411.69,0.0,2023-12-17
CLM-001044,POL-003607,CYC-2025-01,2025-02-09,2025-02-10,Wind,Open,9949.27,0.0,2025-02-10
CLM-001044,POL-003607,CYC-2025-01,2025-02-09,2025-02-10,Wind,Closed,24385.08,24275.67,2025-05-07
CLM-001045,POL-002368,CYC-2025-01,2025-02-08,2025-02-19,Wind,Open,1927978.68,0.0,2025-02-19
CLM-001045,POL-002368,CYC-2025-01,2025-02-08,2025-02-19,Wind,Closed,3335117.07,2979952.43,2025-04-28
CLM-001046,POL-004940,CYC-2024-01,2024-01-22,2024-01-27,Wind,Open,55623.0,0.0,2024-01-27
CLM-001046,POL-004940,CYC-2024-01,2024-01-22,2024-01-27,Wind,Closed,102336.16,92316.81,2024-03-10
CLM-001047,POL-004352,CYC-2025-01,2025-02-10,2025-02-14,Wind,Open,123190.36,0.0,2025-02-14
CLM-001047,POL-004352,CYC-2025-01,2025-02-10,2025-02-14,Wind,Closed,287728.71,263919.15,2025-07-27
CLM-001048,POL-003678,CYC-2025-01,2025-02-10,2025-02-21,Riverine Flood,Open,46194.49,0.0,2025-02-21
CLM-001049,POL-002676,CYC-2024-02,2024-03-17,2024-03-26,Wind,Open,66243.99,0.0,2024-03-26
CLM-001050,POL-001823,CYC-2025-02,2025-11-27,2025-12-07,Storm Surge,Open,63440.81,0.0,2025-12-07
CLM-001050,POL-001823,CYC-2025-02,2025-11-27,2025-12-07,Storm Surge,Closed,130786.15,114524.43,2026-03-23
CLM-001051,POL-000070,CYC-2025-02,2025-11-29,2025-12-08,Wind,Open,117707.2,0.0,2025-12-08
CLM-001051,POL-000070,CYC-2025-02,2025-11-29,2025-12-08,Wind,Closed,212399.79,192208.1,2026-01-11
CLM-001052,POL-000341,CYC-2025-01,2025-02-09,2025-02-11,Riverine Flood,Open,6008.49,0.0,2025-02-11
CLM-001052,POL-000341,CYC-2025-01,2025-02-09,2025-02-11,Riverine Flood,Closed,12349.6,12037.03,2025-07-25
CLM-001053,POL-000117,CYC-2024-02,2024-03-17,2024-03-27,Riverine Flood,Open,34866.54,0.0,2024-03-27
CLM-001053,POL-000117,CYC-2024-02,2024-03-17,2024-03-27,Riverine Flood,Closed,91790.15,84300.92,2024-05-09
CLM-001054,POL-004522,CYC-2024-02,2024-03-17,2024-03-30,Wind,Open,12546.02,0.0,2024-03-30
CLM-001054,POL-004522,CYC-2024-02,2024-03-17,2024-03-30,Wind,Closed,26618.04,25059.36,2024-07-16
CLM-001055,POL-003626,CYC-2024-02,2024-03-15,2024-03-21,Wind,Open,95462.7,0.0,2024-03-21
CLM-001055,POL-003626,CYC-2024-02,2024-03-15,2024-03-21,Wind,Closed,195253.84,177132.64,2024-07-20
CLM-001056,POL-001227,CYC-2023-02,2023-12-03,2023-12-13,Wind,Open,5190.05,0.0,2023-12-13
CLM-001056,POL-001227,CYC-2023-02,2023-12-03,2023-12-13,Wind,Closed,16605.45,14418.25,2024-01-11
CLM-001057,POL-003104,CYC-2025-01,2025-02-09,2025-02-17,Wind,Open,158023.95,0.0,2025-02-17
CLM-001057,POL-003104,CYC-2025-01,2025-02-09,2025-02-17,Wind,Closed,285795.69,254998.88,2025-04-06
CLM-001058,POL-000669,CYC-2024-02,2024-03-15,2024-03-20,Wind,Open,72062.38,0.0,2024-03-20
CLM-001059,POL-003545,CYC-2024-02,2024-03-15,2024-03-21,Wind,Open,35465.29,0.0,2024-03-21
CLM-001060,POL-003823,CYC-2024-01,2024-01-23,2024-02-03,Riverine Flood,Open,7030.97,0.0,2024-02-03
CLM-001060,POL-003823,CYC-2024-01,2024-01-23,2024-02-03,Riverine Flood,Closed,13260.85,13190.94,2024-04-25
CLM-001061,POL-000946,CYC-2025-02,2025-11-28,2025-12-02,Wind,Open,6253.31,0.0,2025-12-02
CLM-001061,POL-000946,CYC-2025-02,2025-11-28,2025-12-02,Wind,Closed,18068.45,15602.37,2026-04-03
CLM-001062,POL-004293,CYC-2024-02,2024-03-17,2024-03-20,Wind,Open,131733.22,0.0,2024-03-20
CLM-001062,POL-004293,CYC-2024-02,2024-03-17,2024-03-20,Wind,Closed,290747.82,268898.03,2024-04-11
CLM-001063,POL-003420,CYC-2024-02,2024-03-16,2024-03-28,Storm Surge,Open,17747.49,0.0,2024-03-28
CLM-001063,POL-003420,CYC-2024-02,2024-03-16,2024-03-28,Storm Surge,Closed,36774.27,35915.64,2024-07-05
CLM-001064,POL-000967,CYC-2023-02,2023-12-05,2023-12-17,Riverine Flood,Open,47082.66,0.0,2023-12-17
CLM-001064,POL-000967,CYC-2023-02,2023-12-05,2023-12-17,Riverine Flood,Closed,99204.1,92078.14,2024-02-19
CLM-001065,POL-001762,CYC-2023-02,2023-12-03,2023-12-16,Storm Surge,Open,83808.55,0.0,2023-12-16
CLM-001065,POL-001762,CYC-2023-02,2023-12-03,2023-12-16,Storm Surge,Closed,161142.26,149047.39,2024-02-06
CLM-001066,POL-000229,CYC-2023-02,2023-12-04,2023-12-14,Riverine Flood,Open,24024.22,0.0,2023-12-14
CLM-001067,POL-001762,CYC-2023-02,2023-12-04,2023-12-11,Storm Surge,Open,80409.87,0.0,2023-12-11
CLM-001067,POL-001762,CYC-2023-02,2023-12-04,2023-12-11,Storm Surge,Closed,176955.02,170961.36,2024-02-02
CLM-001068,POL-003020,CYC-2024-01,2024-01-24,2024-02-04,Riverine Flood,Open,93612.76,0.0,2024-02-04
CLM-001068,POL-003020,CYC-2024-01,2024-01-24,2024-02-04,Riverine Flood,Closed,212747.66,183324.29,2024-07-29
CLM-001069,POL-002898,CYC-2023-02,2023-12-03,2023-12-10,Riverine Flood,Open,52017.21,0.0,2023-12-10
CLM-001069,POL-002898,CYC-2023-02,2023-12-03,2023-12-10,Riverine Flood,Closed,129601.27,117477.84,2024-01-15
CLM-001070,POL-000990,CYC-2024-01,2024-01-24,2024-02-01,Wind,Open,100928.85,0.0,2024-02-01
CLM-001070,POL-000990,CYC-2024-01,2024-01-24,2024-02-01,Wind,Closed,226076.59,215134.54,2024-02-24
CLM-001071,POL-000070,CYC-2025-02,2025-11-28,2025-12-05,Wind,Open,119591.05,0.0,2025-12-05
CLM-001071,POL-000070,CYC-2025-02,2025-11-28,2025-12-05,Wind,Closed,229551.66,198139.28,2026-01-19
CLM-001072,POL-004889,CYC-2025-01,2025-02-09,2025-02-14,Storm Surge,Open,22629.51,0.0,2025-02-14
CLM-001072,POL-004889,CYC-2025-01,2025-02-09,2025-02-14,Storm Surge,Closed,66516.6,63226.65,2025-06-10
CLM-001073,POL-004147,CYC-2025-02,2025-11-29,2025-12-11,Wind,Open,168645.34,0.0,2025-12-11
CLM-001073,POL-004147,CYC-2025-02,2025-11-29,2025-12-11,Wind,Closed,495564.98,483159.07,2026-06-01
CLM-001074,POL-004003,CYC-2024-01,2024-01-24,2024-02-03,Wind,Open,56796.35,0.0,2024-02-03
CLM-001074,POL-004003,CYC-2024-01,2024-01-24,2024-02-03,Wind,Closed,121683.21,106846.42,2024-04-08
CLM-001075,POL-004846,CYC-2025-01,2025-02-08,2025-02-13,Wind,Open,90686.15,0.0,2025-02-13
CLM-001075,POL-004846,CYC-2025-01,2025-02-08,2025-02-13,Wind,Closed,220363.69,211151.36,2025-03-13
CLM-001076,POL-004477,CYC-2024-02,2024-03-15,2024-03-19,Wind,Open,34646.31,0.0,2024-03-19
CLM-001076,POL-004477,CYC-2024-02,2024-03-15,2024-03-19,Wind,Closed,59950.37,51250.33,2024-04-10
CLM-001077,POL-002878,CYC-2023-02,2023-12-05,2023-12-19,Riverine Flood,Open,65510.37,0.0,2023-12-19
CLM-001077,POL-002878,CYC-2023-02,2023-12-05,2023-12-19,Riverine Flood,Closed,119832.01,103753.75,2024-03-03
CLM-001078,POL-003645,CYC-2024-01,2024-01-22,2024-01-27,Wind,Open,293454.42,0.0,2024-01-27
CLM-001078,POL-003645,CYC-2024-01,2024-01-22,2024-01-27,Wind,Closed,533852.37,480752.92,2024-03-18
CLM-001079,POL-004532,CYC-2024-02,2024-03-16,2024-03-26,Storm Surge,Open,15871.32,0.0,2024-03-26
CLM-001080,POL-000463,CYC-2024-01,2024-01-23,2024-01-27,Riverine Flood,Open,83706.7,0.0,2024-01-27
CLM-001080,POL-000463,CYC-2024-01,2024-01-23,2024-01-27,Riverine Flood,Closed,173207.68,164720.05,2024-04-06
CLM-001081,POL-004911,CYC-2025-01,2025-02-10,2025-02-15,Wind,Open,13232.27,0.0,2025-02-15
CLM-001081,POL-004911,CYC-2025-01,2025-02-10,2025-02-15,Wind,Closed,38248.98,34407.91,2025-07-08
CLM-001082,POL-003145,CYC-2024-02,2024-03-15,2024-03-20,Riverine Flood,Open,31236.75,0.0,2024-03-20
CLM-001082,POL-003145,CYC-2024-02,2024-03-15,2024-03-20,Riverine Flood,Closed,80633.27,71399.63,2024-09-02
CLM-001083,POL-002621,CYC-2024-02,2024-03-17,2024-03-31,Riverine Flood,Open,49789.81,0.0,2024-03-31
CLM-001083,POL-002621,CYC-2024-02,2024-03-17,2024-03-31,Riverine Flood,Closed,147501.51,141230.56,2024-07-29
CLM-001084,POL-000081,CYC-2025-02,2025-11-28,2025-12-04,Wind,Open,147581.51,0.0,2025-12-04
CLM-001084,POL-000081,CYC-2025-02,2025-11-28,2025-12-04,Wind,Closed,263495.73,240869.65,2026-01-15
CLM-001085,POL-000765,CYC-2023-02,2023-12-03,2023-12-11,Riverine Flood,Open,108131.73,0.0,2023-12-11
CLM-001085,POL-000765,CYC-2023-02,2023-12-03,2023-12-11,Riverine Flood,Closed,334193.47,298558.26,2024-05-09
CLM-001086,POL-002395,CYC-2024-01,2024-01-23,2024-01-28,Riverine Flood,Open,2637274.19,0.0,2024-01-28
CLM-001087,POL-002838,CYC-2023-01,2023-02-11,2023-02-25,Wind,Open,106913.05,0.0,2023-02-25
CLM-001088,POL-003309,CYC-2023-01,2023-02-11,2023-02-18,Wind,Open,25529.64,0.0,2023-02-18
CLM-001088,POL-003309,CYC-2023-01,2023-02-11,2023-02-18,Wind,Closed,59606.21,55811.49,2023-06-16
CLM-001089,POL-003448,CYC-2025-01,2025-02-09,2025-02-14,Riverine Flood,Open,55205.99,0.0,2025-02-14
CLM-001090,POL-002130,CYC-2023-02,2023-12-05,2023-12-12,Riverine Flood,Open,101247.07,0.0,2023-12-12
CLM-001090,POL-002130,CYC-2023-02,2023-12-05,2023-12-12,Riverine Flood,Closed,321393.52,299804.24,2024-01-18
CLM-001091,POL-000064,CYC-2025-01,2025-02-09,2025-02-21,Wind,Open,69555.52,0.0,2025-02-21
CLM-001091,POL-000064,CYC-2025-01,2025-02-09,2025-02-21,Wind,Closed,138253.65,127402.57,2025-04-19
CLM-001092,POL-004145,CYC-2025-01,2025-02-08,2025-02-22,Riverine Flood,Open,59483.61,0.0,2025-02-22
CLM-001092,POL-004145,CYC-2025-01,2025-02-08,2025-02-22,Riverine Flood,Closed,130041.62,119441.93,2025-06-14
CLM-001093,POL-003601,CYC-2025-02,2025-11-29,2025-12-05,Riverine Flood,Open,16554.71,0.0,2025-12-05
CLM-001093,POL-003601,CYC-2025-02,2025-11-29,2025-12-05,Riverine Flood,Closed,48890.37,42789.26,2026-02-20
CLM-001094,POL-000659,CYC-2024-02,2024-03-15,2024-03-20,Storm Surge,Open,20625.53,0.0,2024-03-20
CLM-001094,POL-000659,CYC-2024-02,2024-03-15,2024-03-20,Storm Surge,Closed,43808.88,38141.92,2024-07-01
CLM-001095,POL-000761,CYC-2025-01,2025-02-09,2025-02-16,Storm Surge,Open,79760.14,0.0,2025-02-16
CLM-001095,POL-000761,CYC-2025-01,2025-02-09,2025-02-16,Storm Surge,Closed,218911.12,201468.33,2025-04-20
CLM-001096,POL-002064,CYC-2025-01,2025-02-09,2025-02-14,Riverine Flood,Open,6730.85,0.0,2025-02-14
CLM-001096,POL-002064,CYC-2025-01,2025-02-09,2025-02-14,Riverine Flood,Closed,20005.79,17568.57,2025-03-12
CLM-001097,POL-000102,CYC-2025-02,2025-11-29,2025-12-04,Wind,Open,37731.06,0.0,2025-12-04
CLM-001097,POL-000102,CYC-2025-02,2025-11-29,2025-12-04,Wind,Closed,76422.52,68450.51,2026-03-14
CLM-001098,POL-004222,CYC-2024-02,2024-03-17,2024-03-23,Wind,Open,208008.01,0.0,2024-03-23
CLM-001099,POL-003107,CYC-2024-01,2024-01-24,2024-01-31,Wind,Open,38955.9,0.0,2024-01-31
CLM-001099,POL-003107,CYC-2024-01,2024-01-24,2024-01-31,Wind,Closed,76848.23,74418.32,2024-06-24
CLM-001100,POL-004249,CYC-2025-02,2025-11-29,2025-12-12,Storm Surge,Open,49813.19,0.0,2025-12-12
CLM-001101,POL-003650,CYC-2024-02,2024-03-16,2024-03-23,Riverine Flood,Open,41781.53,0.0,2024-03-23
CLM-001101,POL-003650,CYC-2024-02,2024-03-16,2024-03-23,Riverine Flood,Closed,76607.41,75365.99,2024-06-11
CLM-001102,POL-003080,CYC-2024-02,2024-03-16,2024-03-27,Storm Surge,Open,59116.5,0.0,2024-03-27
CLM-001102,POL-003080,CYC-2024-02,2024-03-16,2024-03-27,Storm Surge,Closed,126424.09,124565.86,2024-08-14
CLM-001103,POL-000918,CYC-2025-01,2025-02-10,2025-02-16,Wind,Open,183223.78,0.0,2025-02-16
CLM-001103,POL-000918,CYC-2025-01,2025-02-10,2025-02-16,Wind,Closed,351597.22,337674.29,2025-07-08
CLM-001104,POL-003256,CYC-2024-02,2024-03-16,2024-03-26,Wind,Open,72487.17,0.0,2024-03-26
CLM-001104,POL-003256,CYC-2024-02,2024-03-16,2024-03-26,Wind,Closed,164705.8,148638.49,2024-07-01
CLM-001105,POL-004028,CYC-2025-01,2025-02-09,2025-02-19,Riverine Flood,Open,121718.07,0.0,2025-02-19
CLM-001106,POL-004679,CYC-2024-01,2024-01-24,2024-01-28,Wind,Open,151432.38,0.0,2024-01-28
CLM-001106,POL-004679,CYC-2024-01,2024-01-24,2024-01-28,Wind,Closed,259090.6,257619.97,2024-06-28
CLM-001107,POL-001197,CYC-2023-01,2023-02-11,2023-02-12,Wind,Open,232073.9,0.0,2023-02-12
CLM-001108,POL-001770,CYC-2024-01,2024-01-24,2024-02-04,Wind,Open,55807.08,0.0,2024-02-04
CLM-001108,POL-001770,CYC-2024-01,2024-01-24,2024-02-04,Wind,Closed,106109.31,106011.03,2024-03-13
CLM-001109,POL-004652,CYC-2024-02,2024-03-16,2024-03-29,Wind,Open,36294.37,0.0,2024-03-29
CLM-001109,POL-004652,CYC-2024-02,2024-03-16,2024-03-29,Wind,Closed,113252.3,113033.89,2024-06-15
CLM-001110,POL-001617,CYC-2025-02,2025-11-29,2025-12-09,Storm Surge,Open,24380.72,0.0,2025-12-09
CLM-001110,POL-001617,CYC-2025-02,2025-11-29,2025-12-09,Storm Surge,Closed,43510.9,38583.46,2026-03-31
CLM-001111,POL-000349,CYC-2024-01,2024-01-22,2024-01-30,Wind,Open,397489.61,0.0,2024-01-30
CLM-001111,POL-000349,CYC-2024-01,2024-01-22,2024-01-30,Wind,Closed,769061.01,688187.39,2024-04-11
CLM-001112,POL-001331,CYC-2023-01,2023-02-12,2023-02-17,Riverine Flood,Open,59849.62,0.0,2023-02-17
CLM-001113,POL-004017,CYC-2025-02,2025-11-27,2025-12-09,Riverine Flood,Open,13159.78,0.0,2025-12-09
CLM-001113,POL-004017,CYC-2025-02,2025-11-27,2025-12-09,Riverine Flood,Closed,22683.97,21398.87,2026-01-18
CLM-001114,POL-003213,CYC-2023-02,2023-12-04,2023-12-13,Wind,Open,228018.67,0.0,2023-12-13
CLM-001114,POL-003213,CYC-2023-02,2023-12-04,2023-12-13,Wind,Closed,399667.24,365847.91,2024-05-10
CLM-001115,POL-004676,CYC-2023-02,2023-12-05,2023-12-13,Storm Surge,Open,77017.29,0.0,2023-12-13
CLM-001116,POL-001041,CYC-2023-02,2023-12-05,2023-12-08,Riverine Flood,Open,1634900.45,0.0,2023-12-08
CLM-001117,POL-004428,CYC-2024-02,2024-03-17,2024-03-29,Wind,Open,72710.35,0.0,2024-03-29
CLM-001117,POL-004428,CYC-2024-02,2024-03-17,2024-03-29,Wind,Closed,205672.53,179178.41,2024-09-13
CLM-001118,POL-003299,CYC-2025-01,2025-02-10,2025-02-23,Wind,Open,74286.39,0.0,2025-02-23
CLM-001118,POL-003299,CYC-2025-01,2025-02-10,2025-02-23,Wind,Closed,166064.08,149316.83,2025-05-27
CLM-001119,POL-004752,CYC-2023-02,2023-12-04,2023-12-12,Wind,Open,136538.82,0.0,2023-12-12
CLM-001119,POL-004752,CYC-2023-02,2023-12-04,2023-12-12,Wind,Closed,332055.69,290397.35,2024-02-05
CLM-001120,POL-001955,CYC-2025-02,2025-11-29,2025-12-11,Riverine Flood,Open,82013.27,0.0,2025-12-11
CLM-001120,POL-001955,CYC-2025-02,2025-11-29,2025-12-11,Riverine Flood,Closed,165998.51,148231.78,2026-01-25
CLM-001121,POL-002075,CYC-2024-02,2024-03-15,2024-03-16,Wind,Open,25942.95,0.0,2024-03-16
CLM-001121,POL-002075,CYC-2024-02,2024-03-15,2024-03-16,Wind,Closed,58379.36,50887.72,2024-04-17
CLM-001122,POL-003511,CYC-2024-01,2024-01-23,2024-01-31,Wind,Open,56741.61,0.0,2024-01-31
CLM-001122,POL-003511,CYC-2024-01,2024-01-23,2024-01-31,Wind,Closed,117987.12,113666.2,2024-04-17
CLM-001123,POL-003655,CYC-2024-02,2024-03-15,2024-03-18,Riverine Flood,Open,95941.85,0.0,2024-03-18
CLM-001123,POL-003655,CYC-2024-02,2024-03-15,2024-03-18,Riverine Flood,Closed,237686.12,209534.35,2024-07-30
CLM-001124,POL-004942,CYC-2025-02,2025-11-27,2025-11-30,Riverine Flood,Open,519298.37,0.0,2025-11-30
CLM-001124,POL-004942,CYC-2025-02,2025-11-27,2025-11-30,Riverine Flood,Closed,1553846.42,1408616.3,2025-12-26
CLM-001125,POL-000250,CYC-2025-02,2025-11-27,2025-12-08,Wind,Open,34155.41,0.0,2025-12-08
CLM-001125,POL-000250,CYC-2025-02,2025-11-27,2025-12-08,Wind,Closed,79398.68,72842.61,2026-01-11
CLM-001126,POL-000554,CYC-2025-01,2025-02-10,2025-02-20,Wind,Open,62036.21,0.0,2025-02-20
CLM-001126,POL-000554,CYC-2025-01,2025-02-10,2025-02-20,Wind,Closed,109139.97,98687.92,2025-03-20
CLM-001127,POL-002299,CYC-2023-01,2023-02-11,2023-02-20,Riverine Flood,Open,60306.96,0.0,2023-02-20
CLM-001127,POL-002299,CYC-2023-01,2023-02-11,2023-02-20,Riverine Flood,Closed,118743.33,107169.13,2023-06-19
CLM-001128,POL-001733,CYC-2023-02,2023-12-03,2023-12-13,Riverine Flood,Open,45543.9,0.0,2023-12-13
CLM-001128,POL-001733,CYC-2023-02,2023-12-03,2023-12-13,Riverine Flood,Closed,97897.61,95078.17,2024-02-08
CLM-001129,POL-000135,CYC-2024-01,2024-01-23,2024-01-29,Wind,Open,246739.05,0.0,2024-01-29
CLM-001129,POL-000135,CYC-2024-01,2024-01-23,2024-01-29,Wind,Closed,477944.42,422432.14,2024-04-27
CLM-001130,POL-002635,CYC-2023-02,2023-12-04,2023-12-16,Storm Surge,Open,250240.39,0.0,2023-12-16
CLM-001130,POL-002635,CYC-2023-02,2023-12-04,2023-12-16,Storm Surge,Closed,434886.83,399434.29,2024-04-27
CLM-001131,POL-003104,CYC-2025-02,2025-11-28,2025-12-12,Riverine Flood,Open,14194.93,0.0,2025-12-12
CLM-001131,POL-003104,CYC-2025-02,2025-11-28,2025-12-12,Riverine Flood,Closed,32051.7,29505.37,2026-06-06
CLM-001132,POL-004613,CYC-2023-02,2023-12-05,2023-12-14,Storm Surge,Open,5876.89,0.0,2023-12-14
CLM-001132,POL-004613,CYC-2023-02,2023-12-05,2023-12-14,Storm Surge,Closed,14222.81,12339.03,2024-01-05
CLM-001133,POL-003298,CYC-2025-01,2025-02-10,2025-02-16,Storm Surge,Open,105428.0,0.0,2025-02-16
CLM-001133,POL-003298,CYC-2025-01,2025-02-10,2025-02-16,Storm Surge,Closed,182280.74,179374.26,2025-08-04
CLM-001134,POL-001738,CYC-2023-02,2023-12-04,2023-12-06,Wind,Open,261308.03,0.0,2023-12-06
CLM-001135,POL-004913,CYC-2023-02,2023-12-03,2023-12-04,Wind,Open,726961.19,0.0,2023-12-04
CLM-001135,POL-004913,CYC-2023-02,2023-12-03,2023-12-04,Wind,Closed,1635504.74,1536819.35,2024-04-13
CLM-001136,POL-000568,CYC-2024-01,2024-01-24,2024-02-03,Wind,Open,29711.84,0.0,2024-02-03
CLM-001136,POL-000568,CYC-2024-01,2024-01-24,2024-02-03,Wind,Closed,52435.21,49102.58,2024-07-01
CLM-001137,POL-001533,CYC-2025-01,2025-02-09,2025-02-10,Wind,Open,25997.5,0.0,2025-02-10
CLM-001137,POL-001533,CYC-2025-01,2025-02-09,2025-02-10,Wind,Closed,55563.29,51987.43,2025-03-29
CLM-001138,POL-004328,CYC-2025-01,2025-02-09,2025-02-10,Wind,Open,619217.27,0.0,2025-02-10
CLM-001138,POL-004328,CYC-2025-01,2025-02-09,2025-02-10,Wind,Closed,1294700.21,1169090.11,2025-06-19
CLM-001139,POL-004181,CYC-2024-02,2024-03-16,2024-03-29,Wind,Open,17893.63,0.0,2024-03-29
CLM-001139,POL-004181,CYC-2024-02,2024-03-16,2024-03-29,Wind,Closed,30958.91,28137.76,2024-07-22
CLM-001139,POL-004181,CYC-2024-02,2024-03-16,2024-03-29,Wind,Reopened,32223.03,28132.38,2024-11-04
CLM-001140,POL-001812,CYC-2024-01,2024-01-23,2024-02-06,Wind,Open,60241.0,0.0,2024-02-06
CLM-001141,POL-004189,CYC-2024-01,2024-01-24,2024-02-07,Riverine Flood,Open,56686.68,0.0,2024-02-07
CLM-001141,POL-004189,CYC-2024-01,2024-01-24,2024-02-07,Riverine Flood,Closed,104717.83,98177.74,2024-04-30
CLM-001142,POL-002527,CYC-2024-02,2024-03-16,2024-03-22,Wind,Open,127339.31,0.0,2024-03-22
CLM-001142,POL-002527,CYC-2024-02,2024-03-16,2024-03-22,Wind,Closed,227036.58,217907.22,2024-09-03
CLM-001143,POL-000150,CYC-2025-01,2025-02-08,2025-02-21,Wind,Open,103027.93,0.0,2025-02-21
CLM-001143,POL-000150,CYC-2025-01,2025-02-08,2025-02-21,Wind,Closed,194104.08,184658.29,2025-05-16
CLM-001144,POL-000609,CYC-2025-02,2025-11-27,2025-12-05,Riverine Flood,Open,48258.12,0.0,2025-12-05
CLM-001144,POL-000609,CYC-2025-02,2025-11-27,2025-12-05,Riverine Flood,Closed,134933.42,116900.92,2026-05-15
CLM-001145,POL-003031,CYC-2023-02,2023-12-05,2023-12-08,Wind,Open,16511.78,0.0,2023-12-08
CLM-001145,POL-003031,CYC-2023-02,2023-12-05,2023-12-08,Wind,Closed,36330.19,35257.3,2024-02-05
CLM-001146,POL-000407,CYC-2025-02,2025-11-29,2025-12-08,Wind,Open,18694.82,0.0,2025-12-08
CLM-001146,POL-000407,CYC-2025-02,2025-11-29,2025-12-08,Wind,Closed,55846.82,54717.25,2026-04-02
CLM-001147,POL-000759,CYC-2024-01,2024-01-24,2024-02-02,Wind,Open,27289.72,0.0,2024-02-02
CLM-001147,POL-000759,CYC-2024-01,2024-01-24,2024-02-02,Wind,Closed,82207.7,75476.05,2024-06-24
CLM-001148,POL-000874,CYC-2024-01,2024-01-24,2024-02-04,Storm Surge,Open,100241.96,0.0,2024-02-04
CLM-001148,POL-000874,CYC-2024-01,2024-01-24,2024-02-04,Storm Surge,Closed,209634.67,181120.26,2024-06-19
CLM-001148,POL-000874,CYC-2024-01,2024-01-24,2024-02-04,Storm Surge,Reopened,238523.72,191240.04,2024-09-24
CLM-001149,POL-003203,CYC-2024-02,2024-03-16,2024-03-30,Wind,Open,38359.94,0.0,2024-03-30
CLM-001149,POL-003203,CYC-2024-02,2024-03-16,2024-03-30,Wind,Closed,78263.65,77455.51,2024-08-24
CLM-001150,POL-003552,CYC-2024-01,2024-01-23,2024-02-05,Riverine Flood,Open,291850.24,0.0,2024-02-05
CLM-001150,POL-003552,CYC-2024-01,2024-01-23,2024-02-05,Riverine Flood,Closed,541206.28,468328.71,2024-07-17
CLM-001151,POL-004181,CYC-2024-01,2024-01-22,2024-01-31,Riverine Flood,Open,62002.46,0.0,2024-01-31
CLM-001151,POL-004181,CYC-2024-01,2024-01-22,2024-01-31,Riverine Flood,Closed,136263.81,126810.44,2024-05-15
CLM-001152,POL-003065,CYC-2023-02,2023-12-05,2023-12-11,Wind,Open,45988.31,0.0,2023-12-11
CLM-001153,POL-000040,CYC-2023-02,2023-12-04,2023-12-17,Wind,Open,48468.57,0.0,2023-12-17
CLM-001153,POL-000040,CYC-2023-02,2023-12-04,2023-12-17,Wind,Closed,135602.61,119872.62,2024-02-19
CLM-001154,POL-000904,CYC-2024-02,2024-03-15,2024-03-18,Riverine Flood,Open,710171.15,0.0,2024-03-18
CLM-001154,POL-000904,CYC-2024-02,2024-03-15,2024-03-18,Riverine Flood,Closed,1758400.98,1755541.46,2024-08-18
CLM-001155,POL-002240,CYC-2025-02,2025-11-27,2025-12-02,Wind,Open,162208.7,0.0,2025-12-02
CLM-001155,POL-002240,CYC-2025-02,2025-11-27,2025-12-02,Wind,Closed,532649.21,474633.27,2026-04-15
CLM-001156,POL-001600,CYC-2025-01,2025-02-10,2025-02-18,Wind,Open,51986.87,0.0,2025-02-18
CLM-001156,POL-001600,CYC-2025-01,2025-02-10,2025-02-18,Wind,Closed,116685.06,105918.51,2025-03-24
CLM-001157,POL-001990,CYC-2025-02,2025-11-27,2025-12-03,Wind,Open,169202.34,0.0,2025-12-03
CLM-001157,POL-001990,CYC-2025-02,2025-11-27,2025-12-03,Wind,Closed,429481.97,383703.03,2026-01-24
CLM-001158,POL-000547,CYC-2024-02,2024-03-15,2024-03-20,Riverine Flood,Open,277030.06,0.0,2024-03-20
CLM-001158,POL-000547,CYC-2024-02,2024-03-15,2024-03-20,Riverine Flood,Closed,707104.01,653249.65,2024-06-10
CLM-001159,POL-000790,CYC-2024-01,2024-01-22,2024-01-27,Wind,Open,107075.86,0.0,2024-01-27
CLM-001159,POL-000790,CYC-2024-01,2024-01-22,2024-01-27,Wind,Closed,179020.91,158287.61,2024-06-16
CLM-001160,POL-000060,CYC-2025-02,2025-11-27,2025-11-28,Riverine Flood,Open,28452.19,0.0,2025-11-28
CLM-001160,POL-000060,CYC-2025-02,2025-11-27,2025-11-28,Riverine Flood,Closed,63781.42,60359.74,2026-04-20
CLM-001161,POL-000809,CYC-2024-01,2024-01-24,2024-02-07,Riverine Flood,Open,1049951.33,0.0,2024-02-07
CLM-001161,POL-000809,CYC-2024-01,2024-01-24,2024-02-07,Riverine Flood,Closed,2886038.08,2528821.35,2024-06-25
CLM-001162,POL-004431,CYC-2024-01,2024-01-23,2024-02-02,Wind,Open,39945.28,0.0,2024-02-02
CLM-001162,POL-004431,CYC-2024-01,2024-01-23,2024-02-02,Wind,Closed,83004.49,80360.5,2024-02-26
CLM-001163,POL-000027,CYC-2023-02,2023-12-03,2023-12-12,Wind,Open,11386.83,0.0,2023-12-12
CLM-001163,POL-000027,CYC-2023-02,2023-12-03,2023-12-12,Wind,Closed,35026.36,30881.01,2024-02-29
CLM-001163,POL-000027,CYC-2023-02,2023-12-03,2023-12-12,Wind,Reopened,38379.17,31756.38,2024-08-12
CLM-001164,POL-001694,CYC-2024-02,2024-03-16,2024-03-27,Wind,Open,180709.52,0.0,2024-03-27
CLM-001164,POL-001694,CYC-2024-02,2024-03-16,2024-03-27,Wind,Closed,434657.37,372593.06,2024-09-12
CLM-001165,POL-001346,CYC-2024-02,2024-03-17,2024-03-21,Riverine Flood,Open,28288.63,0.0,2024-03-21
CLM-001165,POL-001346,CYC-2024-02,2024-03-17,2024-03-21,Riverine Flood,Closed,48075.98,46409.19,2024-05-28
CLM-001166,POL-000791,CYC-2023-02,2023-12-04,2023-12-15,Riverine Flood,Open,53176.89,0.0,2023-12-15
CLM-001166,POL-000791,CYC-2023-02,2023-12-04,2023-12-15,Riverine Flood,Closed,128461.06,120947.31,2024-01-10
CLM-001167,POL-001282,CYC-2025-02,2025-11-28,2025-12-09,Wind,Open,10887.81,0.0,2025-12-09
CLM-001167,POL-001282,CYC-2025-02,2025-11-28,2025-12-09,Wind,Closed,30674.6,27010.42,2026-03-05
CLM-001168,POL-004991,CYC-2025-01,2025-02-10,2025-02-19,Wind,Open,49815.16,0.0,2025-02-19
CLM-001168,POL-004991,CYC-2025-01,2025-02-10,2025-02-19,Wind,Closed,106086.83,100373.55,2025-03-27
CLM-001169,POL-003001,CYC-2024-01,2024-01-24,2024-01-30,Wind,Open,180739.76,0.0,2024-01-30
CLM-001169,POL-003001,CYC-2024-01,2024-01-24,2024-01-30,Wind,Closed,301951.49,276051.2,2024-04-07
CLM-001170,POL-002844,CYC-2024-02,2024-03-15,2024-03-27,Wind,Open,49780.11,0.0,2024-03-27
CLM-001170,POL-002844,CYC-2024-02,2024-03-15,2024-03-27,Wind,Closed,84417.79,79871.96,2024-06-08
CLM-001171,POL-004189,CYC-2023-02,2023-12-04,2023-12-09,Riverine Flood,Open,41462.62,0.0,2023-12-09
CLM-001171,POL-004189,CYC-2023-02,2023-12-04,2023-12-09,Riverine Flood,Closed,88374.53,78181.41,2024-06-06
CLM-001172,POL-004263,CYC-2023-02,2023-12-03,2023-12-17,Riverine Flood,Open,51237.01,0.0,2023-12-17
CLM-001172,POL-004263,CYC-2023-02,2023-12-03,2023-12-17,Riverine Flood,Closed,143245.05,141783.27,2024-03-09
CLM-001173,POL-000518,CYC-2024-02,2024-03-16,2024-03-23,Wind,Open,50272.38,0.0,2024-03-23
CLM-001173,POL-000518,CYC-2024-02,2024-03-16,2024-03-23,Wind,Closed,85810.07,83354.05,2024-09-03
CLM-001174,POL-000141,CYC-2025-01,2025-02-08,2025-02-18,Wind,Open,16768.74,0.0,2025-02-18
CLM-001174,POL-000141,CYC-2025-01,2025-02-08,2025-02-18,Wind,Closed,41767.79,36107.43,2025-04-24
CLM-001175,POL-004885,CYC-2025-01,2025-02-08,2025-02-11,Wind,Open,78405.59,0.0,2025-02-11
CLM-001175,POL-004885,CYC-2025-01,2025-02-08,2025-02-11,Wind,Closed,135032.19,127495.55,2025-05-01
CLM-001176,POL-002617,CYC-2023-02,2023-12-03,2023-12-10,Storm Surge,Open,113570.25,0.0,2023-12-10
CLM-001177,POL-000643,CYC-2025-02,2025-11-28,2025-12-10,Wind,Open,43953.05,0.0,2025-12-10
CLM-001177,POL-000643,CYC-2025-02,2025-11-28,2025-12-10,Wind,Closed,86890.98,84194.27,2026-03-30
CLM-001178,POL-002901,CYC-2024-01,2024-01-22,2024-02-02,Wind,Open,55583.37,0.0,2024-02-02
CLM-001178,POL-002901,CYC-2024-01,2024-01-22,2024-02-02,Wind,Closed,104194.38,102310.72,2024-02-23
CLM-001179,POL-004169,CYC-2025-01,2025-02-10,2025-02-20,Storm Surge,Open,36760.27,0.0,2025-02-20
CLM-001179,POL-004169,CYC-2025-01,2025-02-10,2025-02-20,Storm Surge,Closed,77976.11,77399.48,2025-07-24
CLM-001180,POL-004655,CYC-2024-01,2024-01-24,2024-01-26,Riverine Flood,Open,58750.72,0.0,2024-01-26
CLM-001180,POL-004655,CYC-2024-01,2024-01-24,2024-01-26,Riverine Flood,Closed,122502.61,106736.89,2024-02-24
CLM-001181,POL-004258,CYC-2024-02,2024-03-16,2024-03-19,Storm Surge,Open,38863.73,0.0,2024-03-19
CLM-001182,POL-004367,CYC-2024-01,2024-01-24,2024-01-25,Riverine Flood,Open,39755.94,0.0,2024-01-25
CLM-001182,POL-004367,CYC-2024-01,2024-01-24,2024-01-25,Riverine Flood,Closed,77388.75,75801.11,2024-05-14
CLM-001183,POL-002378,CYC-2025-02,2025-11-27,2025-12-08,Wind,Open,56066.09,0.0,2025-12-08
CLM-001183,POL-002378,CYC-2025-02,2025-11-27,2025-12-08,Wind,Closed,105434.57,96172.41,2026-05-23
CLM-001184,POL-003138,CYC-2025-01,2025-02-08,2025-02-18,Wind,Open,19820.34,0.0,2025-02-18
CLM-001184,POL-003138,CYC-2025-01,2025-02-08,2025-02-18,Wind,Closed,51755.45,45302.76,2025-04-04
CLM-001185,POL-004491,CYC-2024-02,2024-03-15,2024-03-17,Wind,Open,164111.0,0.0,2024-03-17
CLM-001185,POL-004491,CYC-2024-02,2024-03-15,2024-03-17,Wind,Closed,352572.87,334236.29,2024-04-18
CLM-001186,POL-000851,CYC-2024-01,2024-01-22,2024-01-27,Wind,Open,120014.72,0.0,2024-01-27
CLM-001186,POL-000851,CYC-2024-01,2024-01-22,2024-01-27,Wind,Closed,270449.8,269243.97,2024-03-28
CLM-001187,POL-001497,CYC-2023-02,2023-12-04,2023-12-14,Riverine Flood,Open,94731.12,0.0,2023-12-14
CLM-001187,POL-001497,CYC-2023-02,2023-12-04,2023-12-14,Riverine Flood,Closed,181497.96,160041.69,2024-03-30
CLM-001188,POL-002265,CYC-2023-02,2023-12-03,2023-12-16,Wind,Open,166363.27,0.0,2023-12-16
CLM-001188,POL-002265,CYC-2023-02,2023-12-03,2023-12-16,Wind,Closed,341102.18,315678.85,2024-04-24
CLM-001189,POL-004490,CYC-2025-02,2025-11-27,2025-12-02,Wind,Open,26613.39,0.0,2025-12-02
CLM-001189,POL-004490,CYC-2025-02,2025-11-27,2025-12-02,Wind,Closed,47093.63,40305.97,2026-05-08
CLM-001190,POL-000126,CYC-2025-01,2025-02-08,2025-02-18,Wind,Open,350347.3,0.0,2025-02-18
CLM-001190,POL-000126,CYC-2025-01,2025-02-08,2025-02-18,Wind,Closed,1083919.17,959658.79,2025-05-03
CLM-001191,POL-002870,CYC-2023-02,2023-12-05,2023-12-09,Wind,Open,368400.78,0.0,2023-12-09
CLM-001191,POL-002870,CYC-2023-02,2023-12-05,2023-12-09,Wind,Closed,836678.4,780245.36,2024-03-26
CLM-001192,POL-003013,CYC-2023-02,2023-12-04,2023-12-05,Wind,Open,18726.71,0.0,2023-12-05
CLM-001193,POL-000823,CYC-2024-01,2024-01-23,2024-01-30,Wind,Open,62929.74,0.0,2024-01-30
CLM-001193,POL-000823,CYC-2024-01,2024-01-23,2024-01-30,Wind,Closed,126669.62,113419.34,2024-05-23
CLM-001194,POL-004858,CYC-2025-01,2025-02-08,2025-02-12,Wind,Open,53332.01,0.0,2025-02-12
CLM-001195,POL-000684,CYC-2025-02,2025-11-28,2025-12-04,Storm Surge,Open,30098.67,0.0,2025-12-04
CLM-001196,POL-002630,CYC-2025-02,2025-11-29,2025-12-09,Wind,Open,107828.75,0.0,2025-12-09
CLM-001196,POL-002630,CYC-2025-02,2025-11-29,2025-12-09,Wind,Closed,194406.81,178545.42,2026-04-20
CLM-001197,POL-001813,CYC-2024-01,2024-01-24,2024-02-06,Wind,Open,146459.23,0.0,2024-02-06
CLM-001197,POL-001813,CYC-2024-01,2024-01-24,2024-02-06,Wind,Closed,280882.83,240474.0,2024-05-07
CLM-001198,POL-003771,CYC-2025-01,2025-02-09,2025-02-20,Wind,Open,34793.69,0.0,2025-02-20
CLM-001198,POL-003771,CYC-2025-01,2025-02-09,2025-02-20,Wind,Closed,91369.3,89528.09,2025-04-07
CLM-001199,POL-003387,CYC-2024-01,2024-01-22,2024-01-27,Wind,Open,71101.12,0.0,2024-01-27
CLM-001200,POL-003985,CYC-2024-02,2024-03-16,2024-03-27,Wind,Open,37594.64,0.0,2024-03-27
CLM-001200,POL-003985,CYC-2024-02,2024-03-16,2024-03-27,Wind,Closed,67537.02,62611.77,2024-09-15
CLM-001201,POL-001905,CYC-2023-02,2023-12-04,2023-12-07,Wind,Open,1507338.9,0.0,2023-12-07
CLM-001201,POL-001905,CYC-2023-02,2023-12-04,2023-12-07,Wind,Reopened,3050377.76,2558546.2,2024-07-28
CLM-001202,POL-002430,CYC-2025-01,2025-02-08,2025-02-15,Wind,Open,294713.49,0.0,2025-02-15
CLM-001202,POL-002430,CYC-2025-01,2025-02-08,2025-02-15,Wind,Closed,564904.56,504162.79,2025-07-24
CLM-001203,POL-004223,CYC-2023-02,2023-12-05,2023-12-07,Riverine Flood,Open,77401.44,0.0,2023-12-07
CLM-001203,POL-004223,CYC-2023-02,2023-12-05,2023-12-07,Riverine Flood,Closed,147151.77,133522.64,2024-04-02
CLM-001204,POL-003954,CYC-2025-02,2025-11-29,2025-12-13,Riverine Flood,Open,67768.64,0.0,2025-12-13
CLM-001204,POL-003954,CYC-2025-02,2025-11-29,2025-12-13,Riverine Flood,Closed,115274.39,110125.62,2026-03-27
CLM-001205,POL-001142,CYC-2025-01,2025-02-08,2025-02-14,Riverine Flood,Open,64557.36,0.0,2025-02-14
CLM-001205,POL-001142,CYC-2025-01,2025-02-08,2025-02-14,Riverine Flood,Closed,123959.84,116082.4,2025-05-02
CLM-001206,POL-004773,CYC-2024-02,2024-03-16,2024-03-24,Riverine Flood,Open,63466.82,0.0,2024-03-24
CLM-001206,POL-004773,CYC-2024-02,2024-03-16,2024-03-24,Riverine Flood,Closed,152196.22,148124.02,2024-08-27
CLM-001207,POL-003301,CYC-2023-02,2023-12-04,2023-12-15,Riverine Flood,Open,55189.59,0.0,2023-12-15
CLM-001207,POL-003301,CYC-2023-02,2023-12-04,2023-12-15,Riverine Flood,Closed,141646.69,123020.74,2024-06-12
CLM-001208,POL-003597,CYC-2023-02,2023-12-05,2023-12-09,Wind,Open,126709.68,0.0,2023-12-09
CLM-001209,POL-000619,CYC-2025-02,2025-11-28,2025-11-29,Storm Surge,Open,509628.69,0.0,2025-11-29
CLM-001209,POL-000619,CYC-2025-02,2025-11-28,2025-11-29,Storm Surge,Closed,849941.6,795306.45,2026-02-28
CLM-001210,POL-001959,CYC-2023-02,2023-12-05,2023-12-16,Wind,Open,9993.13,0.0,2023-12-16
CLM-001211,POL-000940,CYC-2025-02,2025-11-27,2025-12-09,Riverine Flood,Open,301626.95,0.0,2025-12-09
CLM-001211,POL-000940,CYC-2025-02,2025-11-27,2025-12-09,Riverine Flood,Closed,761606.25,656099.94,2026-03-14
CLM-001212,POL-001436,CYC-2024-02,2024-03-16,2024-03-29,Storm Surge,Open,1883904.65,0.0,2024-03-29
CLM-001212,POL-001436,CYC-2024-02,2024-03-16,2024-03-29,Storm Surge,Closed,4093499.44,3972213.91,2024-05-09
CLM-001213,POL-004040,CYC-2025-01,2025-02-08,2025-02-22,Wind,Open,778391.89,0.0,2025-02-22
CLM-001214,POL-000483,CYC-2023-02,2023-12-05,2023-12-16,Riverine Flood,Open,351994.83,0.0,2023-12-16
CLM-001214,POL-000483,CYC-2023-02,2023-12-05,2023-12-16,Riverine Flood,Closed,630118.18,587671.55,2024-01-30
CLM-001215,POL-000769,CYC-2024-01,2024-01-22,2024-02-04,Wind,Open,48142.78,0.0,2024-02-04
CLM-001215,POL-000769,CYC-2024-01,2024-01-22,2024-02-04,Wind,Closed,100798.46,93393.53,2024-04-05
CLM-001215,POL-000769,CYC-2024-01,2024-01-22,2024-02-04,Wind,Reopened,115341.33,93810.87,2024-09-06
CLM-001216,POL-001986,CYC-2024-01,2024-01-22,2024-01-24,Wind,Open,130835.63,0.0,2024-01-24
CLM-001216,POL-001986,CYC-2024-01,2024-01-22,2024-01-24,Wind,Closed,312172.74,290102.59,2024-06-10
CLM-001217,POL-004555,CYC-2024-01,2024-01-24,2024-02-05,Storm Surge,Open,254511.59,0.0,2024-02-05
CLM-001217,POL-004555,CYC-2024-01,2024-01-24,2024-02-05,Storm Surge,Reopened,869016.4,810244.64,2024-09-05
CLM-001218,POL-001514,CYC-2025-01,2025-02-08,2025-02-11,Wind,Open,15294.37,0.0,2025-02-11
CLM-001219,POL-002465,CYC-2025-02,2025-11-28,2025-12-08,Wind,Open,85715.99,0.0,2025-12-08
CLM-001219,POL-002465,CYC-2025-02,2025-11-28,2025-12-08,Wind,Closed,220348.68,200937.02,2026-05-21
CLM-001220,POL-003700,CYC-2024-02,2024-03-17,2024-03-19,Wind,Open,159098.33,0.0,2024-03-19
CLM-001220,POL-003700,CYC-2024-02,2024-03-17,2024-03-19,Wind,Closed,327675.11,288261.1,2024-04-30
CLM-001220,POL-003700,CYC-2024-02,2024-03-17,2024-03-19,Wind,Reopened,349463.57,297640.57,2024-09-19
CLM-001221,POL-000871,CYC-2024-02,2024-03-16,2024-03-25,Riverine Flood,Open,44570.55,0.0,2024-03-25
CLM-001221,POL-000871,CYC-2024-02,2024-03-16,2024-03-25,Riverine Flood,Closed,88729.33,87812.71,2024-04-21
CLM-001222,POL-001037,CYC-2025-01,2025-02-10,2025-02-20,Wind,Open,621123.13,0.0,2025-02-20
CLM-001222,POL-001037,CYC-2025-01,2025-02-10,2025-02-20,Wind,Closed,1486087.1,1319885.65,2025-05-22
CLM-001223,POL-002676,CYC-2024-01,2024-01-23,2024-02-02,Wind,Open,89343.86,0.0,2024-02-02
CLM-001223,POL-002676,CYC-2024-01,2024-01-23,2024-02-02,Wind,Closed,211226.1,184380.87,2024-06-04
CLM-001224,POL-000560,CYC-2025-01,2025-02-09,2025-02-16,Wind,Open,37503.45,0.0,2025-02-16
CLM-001224,POL-000560,CYC-2025-01,2025-02-09,2025-02-16,Wind,Closed,100589.91,96026.48,2025-04-02
CLM-001225,POL-001302,CYC-2024-02,2024-03-16,2024-03-22,Wind,Open,58782.51,0.0,2024-03-22
CLM-001225,POL-001302,CYC-2024-02,2024-03-16,2024-03-22,Wind,Closed,140455.82,126448.96,2024-05-05
CLM-001226,POL-000320,CYC-2024-02,2024-03-17,2024-03-27,Wind,Open,28999.52,0.0,2024-03-27
CLM-001226,POL-000320,CYC-2024-02,2024-03-17,2024-03-27,Wind,Closed,67941.84,65944.38,2024-06-02
CLM-001227,POL-001947,CYC-2023-02,2023-12-05,2023-12-14,Wind,Open,78903.52,0.0,2023-12-14
CLM-001227,POL-001947,CYC-2023-02,2023-12-05,2023-12-14,Wind,Closed,185508.08,178285.19,2024-05-14
CLM-001228,POL-000083,CYC-2024-01,2024-01-22,2024-01-28,Wind,Open,42123.89,0.0,2024-01-28
CLM-001229,POL-001970,CYC-2023-02,2023-12-05,2023-12-06,Storm Surge,Open,62285.91,0.0,2023-12-06
CLM-001230,POL-002779,CYC-2024-02,2024-03-15,2024-03-27,Wind,Open,93655.4,0.0,2024-03-27
CLM-001230,POL-002779,CYC-2024-02,2024-03-15,2024-03-27,Wind,Closed,171826.18,154426.34,2024-09-19
CLM-001231,POL-003777,CYC-2025-02,2025-11-27,2025-12-07,Riverine Flood,Open,119650.91,0.0,2025-12-07
CLM-001232,POL-001581,CYC-2025-01,2025-02-09,2025-02-16,Wind,Open,35373.2,0.0,2025-02-16
CLM-001232,POL-001581,CYC-2025-01,2025-02-09,2025-02-16,Wind,Closed,109224.64,108464.13,2025-06-15
CLM-001233,POL-001518,CYC-2025-01,2025-02-10,2025-02-17,Wind,Open,226095.2,0.0,2025-02-17
CLM-001233,POL-001518,CYC-2025-01,2025-02-10,2025-02-17,Wind,Closed,464418.58,444029.39,2025-05-17
CLM-001234,POL-002687,CYC-2023-02,2023-12-04,2023-12-10,Riverine Flood,Open,42256.73,0.0,2023-12-10
CLM-001234,POL-002687,CYC-2023-02,2023-12-04,2023-12-10,Riverine Flood,Closed,98503.53,84915.17,2024-05-14
CLM-001235,POL-004397,CYC-2025-01,2025-02-09,2025-02-11,Riverine Flood,Open,44075.34,0.0,2025-02-11
CLM-001235,POL-004397,CYC-2025-01,2025-02-09,2025-02-11,Riverine Flood,Closed,119861.34,105494.19,2025-07-28
CLM-001236,POL-000662,CYC-2024-01,2024-01-22,2024-01-31,Storm Surge,Open,79286.91,0.0,2024-01-31
CLM-001236,POL-000662,CYC-2024-01,2024-01-22,2024-01-31,Storm Surge,Closed,142208.73,132520.66,2024-04-04
CLM-001237,POL-000616,CYC-2024-01,2024-01-23,2024-02-05,Wind,Open,18278.65,0.0,2024-02-05
CLM-001237,POL-000616,CYC-2024-01,2024-01-23,2024-02-05,Wind,Closed,44876.05,39596.35,2024-04-12
CLM-001238,POL-002610,CYC-2024-01,2024-01-24,2024-02-07,Wind,Open,105966.76,0.0,2024-02-07
CLM-001238,POL-002610,CYC-2024-01,2024-01-24,2024-02-07,Wind,Closed,332338.2,325622.19,2024-03-08
CLM-001239,POL-002425,CYC-2025-01,2025-02-09,2025-02-22,Wind,Open,26250.02,0.0,2025-02-22
CLM-001239,POL-002425,CYC-2025-01,2025-02-09,2025-02-22,Wind,Closed,45989.35,43043.02,2025-03-14
CLM-001240,POL-003251,CYC-2024-02,2024-03-16,2024-03-20,Wind,Open,10138.99,0.0,2024-03-20
CLM-001240,POL-003251,CYC-2024-02,2024-03-16,2024-03-20,Wind,Closed,19709.35,17694.6,2024-05-20
CLM-001241,POL-000465,CYC-2025-02,2025-11-27,2025-12-03,Riverine Flood,Open,510589.54,0.0,2025-12-03
CLM-001242,POL-003067,CYC-2025-02,2025-11-27,2025-11-30,Wind,Open,108380.68,0.0,2025-11-30
CLM-001242,POL-003067,CYC-2025-02,2025-11-27,2025-11-30,Wind,Closed,353581.25,329220.0,2026-03-11
CLM-001243,POL-001859,CYC-2025-02,2025-11-28,2025-12-07,Wind,Open,7010.5,0.0,2025-12-07
CLM-001243,POL-001859,CYC-2025-02,2025-11-28,2025-12-07,Wind,Closed,11799.95,10432.5,2026-02-01
CLM-001244,POL-003946,CYC-2024-01,2024-01-23,2024-01-29,Wind,Open,50751.74,0.0,2024-01-29
CLM-001244,POL-003946,CYC-2024-01,2024-01-23,2024-01-29,Wind,Closed,140449.67,139767.29,2024-03-18
CLM-001245,POL-003429,CYC-2025-02,2025-11-29,2025-12-05,Storm Surge,Open,61977.28,0.0,2025-12-05
CLM-001245,POL-003429,CYC-2025-02,2025-11-29,2025-12-05,Storm Surge,Closed,139942.55,128128.87,2026-03-08
CLM-001246,POL-002776,CYC-2025-02,2025-11-29,2025-12-09,Riverine Flood,Open,44337.91,0.0,2025-12-09
CLM-001246,POL-002776,CYC-2025-02,2025-11-29,2025-12-09,Riverine Flood,Closed,125302.93,111057.42,2026-05-23
CLM-001247,POL-004584,CYC-2024-01,2024-01-23,2024-01-29,Wind,Open,18235.47,0.0,2024-01-29
CLM-001247,POL-004584,CYC-2024-01,2024-01-23,2024-01-29,Wind,Closed,54866.66,51000.99,2024-06-20
CLM-001248,POL-000557,CYC-2024-01,2024-01-23,2024-01-27,Wind,Open,1741534.62,0.0,2024-01-27
CLM-001248,POL-000557,CYC-2024-01,2024-01-23,2024-01-27,Wind,Closed,3664404.36,3639130.54,2024-03-06
CLM-001249,POL-004419,CYC-2025-01,2025-02-10,2025-02-13,Riverine Flood,Open,57606.16,0.0,2025-02-13
CLM-001249,POL-004419,CYC-2025-01,2025-02-10,2025-02-13,Riverine Flood,Closed,98389.47,93440.66,2025-03-12
CLM-001250,POL-002426,CYC-2024-02,2024-03-15,2024-03-27,Wind,Open,29014.72,0.0,2024-03-27
CLM-001250,POL-002426,CYC-2024-02,2024-03-15,2024-03-27,Wind,Closed,68851.91,62098.97,2024-05-15
CLM-001251,POL-000588,CYC-2025-02,2025-11-29,2025-12-09,Storm Surge,Open,58117.82,0.0,2025-12-09
CLM-001251,POL-000588,CYC-2025-02,2025-11-29,2025-12-09,Storm Surge,Closed,185047.89,175636.3,2026-04-18
CLM-001252,POL-002077,CYC-2024-02,2024-03-15,2024-03-22,Riverine Flood,Open,8763.66,0.0,2024-03-22
CLM-001252,POL-002077,CYC-2024-02,2024-03-15,2024-03-22,Riverine Flood,Closed,19965.79,18077.8,2024-07-05
CLM-001253,POL-001508,CYC-2024-02,2024-03-17,2024-03-29,Wind,Open,17274.85,0.0,2024-03-29
CLM-001253,POL-001508,CYC-2024-02,2024-03-17,2024-03-29,Wind,Closed,35964.62,33010.15,2024-09-08
CLM-001254,POL-001756,CYC-2025-02,2025-11-27,2025-12-06,Wind,Open,37979.03,0.0,2025-12-06
CLM-001255,POL-003981,CYC-2023-02,2023-12-05,2023-12-09,Wind,Open,28243.36,0.0,2023-12-09
CLM-001255,POL-003981,CYC-2023-02,2023-12-05,2023-12-09,Wind,Closed,83506.31,77867.09,2024-01-14
CLM-001256,POL-001975,CYC-2024-02,2024-03-17,2024-03-24,Wind,Open,34497.13,0.0,2024-03-24
CLM-001257,POL-001133,CYC-2025-01,2025-02-09,2025-02-13,Storm Surge,Open,59928.5,0.0,2025-02-13
CLM-001257,POL-001133,CYC-2025-01,2025-02-09,2025-02-13,Storm Surge,Closed,136240.78,134498.91,2025-05-10
CLM-001258,POL-004999,CYC-2025-01,2025-02-10,2025-02-20,Wind,Open,41593.71,0.0,2025-02-20
CLM-001258,POL-004999,CYC-2025-01,2025-02-10,2025-02-20,Wind,Closed,106904.12,103959.61,2025-03-25
CLM-001259,POL-003488,CYC-2024-01,2024-01-23,2024-01-26,Wind,Open,36259.17,0.0,2024-01-26
CLM-001259,POL-003488,CYC-2024-01,2024-01-23,2024-01-26,Wind,Closed,60859.39,55280.17,2024-05-01
CLM-001260,POL-001987,CYC-2023-01,2023-02-13,2023-02-16,Wind,Open,38870.82,0.0,2023-02-16
CLM-001260,POL-001987,CYC-2023-01,2023-02-13,2023-02-16,Wind,Closed,88835.5,86533.03,2023-07-31
CLM-001261,POL-001489,CYC-2023-01,2023-02-11,2023-02-17,Wind,Open,22858.2,0.0,2023-02-17
CLM-001261,POL-001489,CYC-2023-01,2023-02-11,2023-02-17,Wind,Closed,59035.11,56105.92,2023-06-16
CLM-001262,POL-004403,CYC-2024-02,2024-03-16,2024-03-30,Wind,Open,15978.9,0.0,2024-03-30
CLM-001262,POL-004403,CYC-2024-02,2024-03-16,2024-03-30,Wind,Closed,36374.52,31795.5,2024-06-19
CLM-001263,POL-002102,CYC-2025-01,2025-02-09,2025-02-14,Wind,Open,58203.08,0.0,2025-02-14
CLM-001263,POL-002102,CYC-2025-01,2025-02-09,2025-02-14,Wind,Closed,156119.18,138230.74,2025-07-07
CLM-001264,POL-004408,CYC-2023-02,2023-12-04,2023-12-09,Wind,Open,23811.51,0.0,2023-12-09
CLM-001265,POL-002915,CYC-2024-01,2024-01-24,2024-01-25,Storm Surge,Open,70254.48,0.0,2024-01-25
CLM-001265,POL-002915,CYC-2024-01,2024-01-24,2024-01-25,Storm Surge,Closed,158532.25,137786.88,2024-03-13
CLM-001266,POL-002703,CYC-2024-02,2024-03-16,2024-03-27,Wind,Open,77795.44,0.0,2024-03-27
CLM-001266,POL-002703,CYC-2024-02,2024-03-16,2024-03-27,Wind,Closed,149851.58,146292.21,2024-06-02
CLM-001267,POL-004936,CYC-2024-02,2024-03-15,2024-03-19,Wind,Open,50738.01,0.0,2024-03-19
CLM-001267,POL-004936,CYC-2024-02,2024-03-15,2024-03-19,Wind,Closed,151395.78,132258.9,2024-06-23
CLM-001268,POL-002600,CYC-2025-01,2025-02-09,2025-02-21,Riverine Flood,Open,45661.42,0.0,2025-02-21
CLM-001268,POL-002600,CYC-2025-01,2025-02-09,2025-02-21,Riverine Flood,Closed,138425.09,117963.71,2025-08-06
CLM-001269,POL-004545,CYC-2025-02,2025-11-29,2025-12-07,Wind,Open,52649.75,0.0,2025-12-07
CLM-001270,POL-000055,CYC-2023-02,2023-12-04,2023-12-05,Wind,Open,186634.77,0.0,2023-12-05
CLM-001270,POL-000055,CYC-2023-02,2023-12-04,2023-12-05,Wind,Closed,417916.0,413764.31,2024-04-09
CLM-001271,POL-000022,CYC-2025-02,2025-11-29,2025-12-03,Riverine Flood,Open,11796.05,0.0,2025-12-03
CLM-001272,POL-003392,CYC-2023-02,2023-12-04,2023-12-12,Wind,Open,60514.39,0.0,2023-12-12
CLM-001272,POL-003392,CYC-2023-02,2023-12-04,2023-12-12,Wind,Closed,200637.26,171748.16,2024-01-02
CLM-001273,POL-000452,CYC-2024-01,2024-01-24,2024-01-31,Wind,Open,32591.2,0.0,2024-01-31
CLM-001273,POL-000452,CYC-2024-01,2024-01-24,2024-01-31,Wind,Closed,54704.64,50834.33,2024-07-15
CLM-001274,POL-002343,CYC-2024-02,2024-03-15,2024-03-27,Storm Surge,Open,22074.55,0.0,2024-03-27
CLM-001274,POL-002343,CYC-2024-02,2024-03-15,2024-03-27,Storm Surge,Closed,66915.52,58799.88,2024-08-18
CLM-001274,POL-002343,CYC-2024-02,2024-03-15,2024-03-27,Storm Surge,Reopened,71118.29,57463.25,2024-11-13
CLM-001275,POL-001498,CYC-2024-02,2024-03-15,2024-03-18,Storm Surge,Open,49578.86,0.0,2024-03-18
CLM-001275,POL-001498,CYC-2024-02,2024-03-15,2024-03-18,Storm Surge,Closed,94870.09,93919.13,2024-04-22
CLM-001276,POL-003502,CYC-2025-01,2025-02-10,2025-02-17,Riverine Flood,Open,116848.89,0.0,2025-02-17
CLM-001276,POL-003502,CYC-2025-01,2025-02-10,2025-02-17,Riverine Flood,Closed,265539.88,242108.71,2025-05-13
CLM-001277,POL-001359,CYC-2025-02,2025-11-27,2025-11-29,Wind,Open,2542.43,0.0,2025-11-29
CLM-001278,POL-004007,CYC-2025-02,2025-11-28,2025-12-04,Wind,Open,40747.7,0.0,2025-12-04
CLM-001279,POL-003940,CYC-2024-02,2024-03-15,2024-03-21,Riverine Flood,Open,96153.52,0.0,2024-03-21
CLM-001279,POL-003940,CYC-2024-02,2024-03-15,2024-03-21,Riverine Flood,Closed,251195.96,227423.2,2024-07-22
CLM-001280,POL-003454,CYC-2024-02,2024-03-17,2024-03-28,Wind,Open,334868.26,0.0,2024-03-28
CLM-001281,POL-000155,CYC-2025-01,2025-02-09,2025-02-11,Wind,Open,64496.13,0.0,2025-02-11
CLM-001281,POL-000155,CYC-2025-01,2025-02-09,2025-02-11,Wind,Closed,142473.08,124004.56,2025-07-22
CLM-001282,POL-002250,CYC-2024-01,2024-01-24,2024-01-28,Wind,Open,243597.6,0.0,2024-01-28
CLM-001282,POL-002250,CYC-2024-01,2024-01-24,2024-01-28,Wind,Closed,538973.25,527057.54,2024-05-03
CLM-001283,POL-002293,CYC-2024-01,2024-01-22,2024-02-02,Wind,Open,49413.95,0.0,2024-02-02
CLM-001283,POL-002293,CYC-2024-01,2024-01-22,2024-02-02,Wind,Closed,158680.95,139462.92,2024-05-24
CLM-001283,POL-002293,CYC-2024-01,2024-01-22,2024-02-02,Wind,Reopened,177483.15,154544.71,2024-09-07
CLM-001284,POL-001507,CYC-2024-02,2024-03-15,2024-03-22,Riverine Flood,Open,49171.03,0.0,2024-03-22
CLM-001285,POL-000181,CYC-2024-01,2024-01-23,2024-01-30,Wind,Open,129359.64,0.0,2024-01-30
CLM-001285,POL-000181,CYC-2024-01,2024-01-23,2024-01-30,Wind,Closed,231347.45,203130.15,2024-07-10
CLM-001286,POL-003529,CYC-2024-01,2024-01-24,2024-01-26,Wind,Open,80806.21,0.0,2024-01-26
CLM-001286,POL-003529,CYC-2024-01,2024-01-24,2024-01-26,Wind,Closed,137582.19,127296.46,2024-03-20
CLM-001287,POL-003891,CYC-2024-01,2024-01-24,2024-02-03,Riverine Flood,Open,77586.4,0.0,2024-02-03
CLM-001288,POL-000235,CYC-2024-02,2024-03-17,2024-03-18,Riverine Flood,Open,19140.58,0.0,2024-03-18
CLM-001289,POL-004521,CYC-2024-02,2024-03-17,2024-03-26,Wind,Open,58679.25,0.0,2024-03-26
CLM-001290,POL-004981,CYC-2023-02,2023-12-03,2023-12-11,Wind,Open,294610.23,0.0,2023-12-11
CLM-001290,POL-004981,CYC-2023-02,2023-12-03,2023-12-11,Wind,Closed,620383.98,540139.06,2024-02-17
CLM-001291,POL-000648,CYC-2025-01,2025-02-10,2025-02-12,Wind,Open,67279.53,0.0,2025-02-12
CLM-001291,POL-000648,CYC-2025-01,2025-02-10,2025-02-12,Wind,Closed,222757.75,191124.03,2025-04-17
CLM-001292,POL-001793,CYC-2024-02,2024-03-16,2024-03-26,Wind,Open,29726.42,0.0,2024-03-26
CLM-001292,POL-001793,CYC-2024-02,2024-03-16,2024-03-26,Wind,Closed,92922.43,79064.43,2024-08-28
CLM-001293,POL-000740,CYC-2023-02,2023-12-05,2023-12-06,Wind,Open,224259.28,0.0,2023-12-06
CLM-001293,POL-000740,CYC-2023-02,2023-12-05,2023-12-06,Wind,Closed,595516.18,571097.73,2024-01-18
CLM-001294,POL-004676,CYC-2023-02,2023-12-05,2023-12-13,Wind,Open,53835.68,0.0,2023-12-13
CLM-001295,POL-003673,CYC-2025-02,2025-11-28,2025-12-03,Wind,Open,40742.17,0.0,2025-12-03
CLM-001295,POL-003673,CYC-2025-02,2025-11-28,2025-12-03,Wind,Closed,95217.88,86266.98,2026-01-17
CLM-001296,POL-001607,CYC-2023-02,2023-12-04,2023-12-15,Storm Surge,Open,854354.44,0.0,2023-12-15
CLM-001296,POL-001607,CYC-2023-02,2023-12-04,2023-12-15,Storm Surge,Closed,1450986.82,1333758.52,2024-05-14
CLM-001297,POL-001517,CYC-2025-02,2025-11-27,2025-11-30,Riverine Flood,Open,183929.86,0.0,2025-11-30
CLM-001297,POL-001517,CYC-2025-02,2025-11-27,2025-11-30,Riverine Flood,Closed,332696.81,288845.15,2026-04-07
CLM-001298,POL-004703,CYC-2025-01,2025-02-10,2025-02-24,Storm Surge,Open,161933.59,0.0,2025-02-24
CLM-001298,POL-004703,CYC-2025-01,2025-02-10,2025-02-24,Storm Surge,Closed,359285.94,324529.74,2025-06-20
CLM-001299,POL-002429,CYC-2025-01,2025-02-09,2025-02-20,Riverine Flood,Open,45617.59,0.0,2025-02-20
CLM-001299,POL-002429,CYC-2025-01,2025-02-09,2025-02-20,Riverine Flood,Closed,84840.29,72613.58,2025-03-16
CLM-001300,POL-000279,CYC-2025-02,2025-11-29,2025-12-13,Riverine Flood,Open,33812.02,0.0,2025-12-13
CLM-001300,POL-000279,CYC-2025-02,2025-11-29,2025-12-13,Riverine Flood,Closed,59291.83,54557.02,2026-03-14
CLM-001301,POL-004086,CYC-2025-01,2025-02-09,2025-02-15,Wind,Open,89580.74,0.0,2025-02-15
CLM-001301,POL-004086,CYC-2025-01,2025-02-09,2025-02-15,Wind,Closed,236700.94,206713.66,2025-06-07
CLM-001302,POL-003595,CYC-2025-02,2025-11-27,2025-12-09,Riverine Flood,Open,39154.6,0.0,2025-12-09
CLM-001303,POL-004081,CYC-2025-02,2025-11-29,2025-12-12,Wind,Open,88477.37,0.0,2025-12-12
CLM-001303,POL-004081,CYC-2025-02,2025-11-29,2025-12-12,Wind,Closed,170839.48,162767.02,2026-02-18
CLM-001304,POL-002311,CYC-2023-02,2023-12-04,2023-12-12,Riverine Flood,Open,52838.37,0.0,2023-12-12
CLM-001304,POL-002311,CYC-2023-02,2023-12-04,2023-12-12,Riverine Flood,Closed,175591.91,163508.57,2024-03-14
CLM-001305,POL-002402,CYC-2025-01,2025-02-09,2025-02-23,Wind,Open,18174.62,0.0,2025-02-23
CLM-001305,POL-002402,CYC-2025-01,2025-02-09,2025-02-23,Wind,Closed,57861.7,52806.47,2025-04-10
CLM-001306,POL-003210,CYC-2024-02,2024-03-15,2024-03-17,Wind,Open,94068.24,0.0,2024-03-17
CLM-001306,POL-003210,CYC-2024-02,2024-03-15,2024-03-17,Wind,Closed,165869.38,150249.1,2024-05-01
CLM-001307,POL-002733,CYC-2025-02,2025-11-29,2025-12-08,Riverine Flood,Open,31094.13,0.0,2025-12-08
CLM-001307,POL-002733,CYC-2025-02,2025-11-29,2025-12-08,Riverine Flood,Closed,55532.85,48451.16,2026-01-02
CLM-001308,POL-000858,CYC-2025-01,2025-02-09,2025-02-17,Riverine Flood,Open,200364.47,0.0,2025-02-17
CLM-001308,POL-000858,CYC-2025-01,2025-02-09,2025-02-17,Riverine Flood,Closed,351678.07,313634.89,2025-03-31
CLM-001309,POL-000714,CYC-2024-01,2024-01-23,2024-01-30,Riverine Flood,Open,42695.95,0.0,2024-01-30
CLM-001309,POL-000714,CYC-2024-01,2024-01-23,2024-01-30,Riverine Flood,Closed,82986.12,70775.66,2024-05-14
CLM-001310,POL-002414,CYC-2024-01,2024-01-22,2024-01-26,Wind,Open,55418.77,0.0,2024-01-26
CLM-001310,POL-002414,CYC-2024-01,2024-01-22,2024-01-26,Wind,Closed,132174.33,125260.63,2024-05-25
CLM-001311,POL-003932,CYC-2024-02,2024-03-15,2024-03-20,Wind,Open,23227.75,0.0,2024-03-20
CLM-001311,POL-003932,CYC-2024-02,2024-03-15,2024-03-20,Wind,Closed,50031.0,43012.86,2024-09-05
CLM-001312,POL-000201,CYC-2025-01,2025-02-09,2025-02-14,Wind,Open,21497.23,0.0,2025-02-14
CLM-001313,POL-002110,CYC-2025-02,2025-11-28,2025-11-29,Riverine Flood,Open,13959.09,0.0,2025-11-29
CLM-001313,POL-002110,CYC-2025-02,2025-11-28,2025-11-29,Riverine Flood,Closed,44976.88,38930.02,2026-05-17
CLM-001314,POL-003868,CYC-2025-02,2025-11-29,2025-12-06,Wind,Open,114250.03,0.0,2025-12-06
CLM-001314,POL-003868,CYC-2025-02,2025-11-29,2025-12-06,Wind,Closed,204878.7,194393.48,2026-02-02
CLM-001315,POL-003204,CYC-2023-02,2023-12-03,2023-12-05,Wind,Open,22916.11,0.0,2023-12-05
CLM-001315,POL-003204,CYC-2023-02,2023-12-03,2023-12-05,Wind,Closed,68747.59,60176.47,2024-05-28
CLM-001316,POL-004702,CYC-2025-02,2025-11-29,2025-12-06,Wind,Open,69889.84,0.0,2025-12-06
CLM-001316,POL-004702,CYC-2025-02,2025-11-29,2025-12-06,Wind,Closed,198575.22,172145.1,2026-05-11
CLM-001317,POL-001393,CYC-2024-01,2024-01-23,2024-02-04,Wind,Open,83495.87,0.0,2024-02-04
CLM-001317,POL-001393,CYC-2024-01,2024-01-23,2024-02-04,Wind,Closed,176925.66,171876.29,2024-07-31
CLM-001318,POL-002673,CYC-2025-01,2025-02-10,2025-02-19,Wind,Open,176870.87,0.0,2025-02-19
CLM-001318,POL-002673,CYC-2025-01,2025-02-10,2025-02-19,Wind,Closed,317271.0,316395.83,2025-05-29
CLM-001319,POL-000181,CYC-2024-01,2024-01-24,2024-02-01,Riverine Flood,Open,13450.11,0.0,2024-02-01
CLM-001320,POL-004997,CYC-2025-01,2025-02-10,2025-02-12,Wind,Open,75238.74,0.0,2025-02-12
CLM-001320,POL-004997,CYC-2025-01,2025-02-10,2025-02-12,Wind,Closed,179117.19,165366.57,2025-08-04
CLM-001321,POL-003534,CYC-2025-02,2025-11-29,2025-12-02,Wind,Open,85020.75,0.0,2025-12-02
CLM-001321,POL-003534,CYC-2025-02,2025-11-29,2025-12-02,Wind,Closed,232735.37,206629.47,2026-01-26
CLM-001322,POL-000853,CYC-2024-01,2024-01-22,2024-02-03,Wind,Open,162658.76,0.0,2024-02-03
CLM-001322,POL-000853,CYC-2024-01,2024-01-22,2024-02-03,Wind,Closed,497300.41,443076.42,2024-04-17
CLM-001323,POL-004803,CYC-2024-01,2024-01-22,2024-02-01,Riverine Flood,Open,40066.47,0.0,2024-02-01
CLM-001323,POL-004803,CYC-2024-01,2024-01-22,2024-02-01,Riverine Flood,Closed,107124.76,104486.74,2024-05-07
CLM-001324,POL-004725,CYC-2025-01,2025-02-08,2025-02-21,Wind,Open,1308489.44,0.0,2025-02-21
CLM-001324,POL-004725,CYC-2025-01,2025-02-08,2025-02-21,Wind,Closed,3451102.61,3339381.64,2025-07-30
CLM-001325,POL-002337,CYC-2025-01,2025-02-08,2025-02-22,Storm Surge,Open,284928.41,0.0,2025-02-22
CLM-001326,POL-000421,CYC-2025-01,2025-02-10,2025-02-20,Storm Surge,Open,50837.79,0.0,2025-02-20
CLM-001327,POL-000295,CYC-2025-01,2025-02-09,2025-02-14,Riverine Flood,Open,36747.77,0.0,2025-02-14
CLM-001327,POL-000295,CYC-2025-01,2025-02-09,2025-02-14,Riverine Flood,Closed,69310.32,65970.28,2025-06-02
CLM-001328,POL-000407,CYC-2025-02,2025-11-29,2025-12-01,Wind,Open,8106.51,0.0,2025-12-01
CLM-001328,POL-000407,CYC-2025-02,2025-11-29,2025-12-01,Wind,Closed,26420.64,23128.79,2026-02-01
CLM-001329,POL-001116,CYC-2024-01,2024-01-24,2024-02-06,Riverine Flood,Open,1441881.54,0.0,2024-02-06
CLM-001329,POL-001116,CYC-2024-01,2024-01-24,2024-02-06,Riverine Flood,Closed,2763503.36,2418965.52,2024-04-20
CLM-001330,POL-001399,CYC-2024-01,2024-01-22,2024-01-23,Wind,Open,47704.52,0.0,2024-01-23
CLM-001330,POL-001399,CYC-2024-01,2024-01-22,2024-01-23,Wind,Closed,83858.4,74973.85,2024-03-20
CLM-001330,POL-001399,CYC-2024-01,2024-01-22,2024-01-23,Wind,Reopened,95063.53,78349.43,2024-09-25
CLM-001331,POL-004718,CYC-2023-02,2023-12-03,2023-12-06,Storm Surge,Open,101253.4,0.0,2023-12-06
CLM-001331,POL-004718,CYC-2023-02,2023-12-03,2023-12-06,Storm Surge,Closed,205034.9,203876.94,2024-04-02
CLM-001331,POL-004718,CYC-2023-02,2023-12-03,2023-12-06,Storm Surge,Reopened,234766.12,183191.13,2024-08-01
CLM-001332,POL-000843,CYC-2024-02,2024-03-17,2024-03-20,Wind,Open,46208.31,0.0,2024-03-20
CLM-001332,POL-000843,CYC-2024-02,2024-03-17,2024-03-20,Wind,Closed,90770.43,87432.43,2024-04-14
CLM-001333,POL-002288,CYC-2025-01,2025-02-09,2025-02-20,Riverine Flood,Open,73390.17,0.0,2025-02-20
CLM-001333,POL-002288,CYC-2025-01,2025-02-09,2025-02-20,Riverine Flood,Closed,171505.82,153812.61,2025-06-05
CLM-001334,POL-001509,CYC-2025-02,2025-11-29,2025-12-12,Riverine Flood,Open,374471.44,0.0,2025-12-12
CLM-001335,POL-000365,CYC-2024-02,2024-03-17,2024-03-21,Storm Surge,Open,1754092.19,0.0,2024-03-21
CLM-001335,POL-000365,CYC-2024-02,2024-03-17,2024-03-21,Storm Surge,Closed,4278782.78,4216356.97,2024-06-06
CLM-001336,POL-000938,CYC-2025-02,2025-11-27,2025-12-09,Storm Surge,Open,32500.52,0.0,2025-12-09
CLM-001336,POL-000938,CYC-2025-02,2025-11-27,2025-12-09,Storm Surge,Closed,56105.05,51227.82,2026-04-19
CLM-001337,POL-002229,CYC-2025-02,2025-11-28,2025-11-30,Wind,Open,10736.73,0.0,2025-11-30
CLM-001338,POL-002769,CYC-2025-01,2025-02-10,2025-02-18,Wind,Open,47101.55,0.0,2025-02-18
CLM-001338,POL-002769,CYC-2025-01,2025-02-10,2025-02-18,Wind,Closed,130263.51,118990.13,2025-06-17
CLM-001339,POL-002283,CYC-2023-02,2023-12-04,2023-12-05,Wind,Open,11819.45,0.0,2023-12-05
CLM-001339,POL-002283,CYC-2023-02,2023-12-04,2023-12-05,Wind,Closed,20767.58,18216.81,2024-02-05
CLM-001340,POL-001927,CYC-2023-02,2023-12-04,2023-12-12,Wind,Open,65630.3,0.0,2023-12-12
CLM-001340,POL-001927,CYC-2023-02,2023-12-04,2023-12-12,Wind,Closed,145788.22,125342.71,2024-03-24
CLM-001341,POL-000924,CYC-2024-01,2024-01-22,2024-01-26,Wind,Open,29055.31,0.0,2024-01-26
CLM-001341,POL-000924,CYC-2024-01,2024-01-22,2024-01-26,Wind,Closed,76277.56,70943.91,2024-04-20
CLM-001342,POL-000235,CYC-2024-01,2024-01-22,2024-01-29,Riverine Flood,Open,104164.39,0.0,2024-01-29
CLM-001342,POL-000235,CYC-2024-01,2024-01-22,2024-01-29,Riverine Flood,Closed,218847.8,189086.24,2024-07-05
CLM-001343,POL-001770,CYC-2023-02,2023-12-03,2023-12-16,Storm Surge,Open,19340.7,0.0,2023-12-16
CLM-001343,POL-001770,CYC-2023-02,2023-12-03,2023-12-16,Storm Surge,Closed,33656.39,30864.37,2024-01-17
CLM-001343,POL-001770,CYC-2023-02,2023-12-03,2023-12-16,Storm Surge,Reopened,36965.56,30781.98,2024-06-17
CLM-001344,POL-003077,CYC-2024-02,2024-03-17,2024-03-30,Wind,Open,61706.18,0.0,2024-03-30
CLM-001344,POL-003077,CYC-2024-02,2024-03-17,2024-03-30,Wind,Closed,103215.76,96098.64,2024-04-25
CLM-001345,POL-004087,CYC-2024-01,2024-01-23,2024-02-01,Riverine Flood,Open,46501.59,0.0,2024-02-01
CLM-001346,POL-002722,CYC-2024-01,2024-01-22,2024-02-04,Storm Surge,Open,52989.48,0.0,2024-02-04
CLM-001346,POL-002722,CYC-2024-01,2024-01-22,2024-02-04,Storm Surge,Closed,88734.27,85168.22,2024-07-04
CLM-001346,POL-002722,CYC-2024-01,2024-01-22,2024-02-04,Storm Surge,Reopened,101954.65,84808.31,2024-09-20
CLM-001347,POL-001953,CYC-2023-02,2023-12-05,2023-12-18,Wind,Open,169777.87,0.0,2023-12-18
CLM-001347,POL-001953,CYC-2023-02,2023-12-05,2023-12-18,Wind,Closed,371040.41,322540.58,2024-04-24
CLM-001348,POL-001039,CYC-2024-01,2024-01-23,2024-01-29,Wind,Open,2098672.5,0.0,2024-01-29
CLM-001349,POL-004875,CYC-2024-02,2024-03-17,2024-03-18,Wind,Open,441816.96,0.0,2024-03-18
CLM-001349,POL-004875,CYC-2024-02,2024-03-17,2024-03-18,Wind,Closed,870037.42,783215.89,2024-04-12
CLM-001350,POL-003065,CYC-2023-02,2023-12-04,2023-12-17,Riverine Flood,Open,25824.26,0.0,2023-12-17
CLM-001350,POL-003065,CYC-2023-02,2023-12-04,2023-12-17,Riverine Flood,Closed,44124.24,43966.43,2024-06-03
CLM-001351,POL-002922,CYC-2025-02,2025-11-28,2025-12-06,Wind,Open,34269.95,0.0,2025-12-06
CLM-001351,POL-002922,CYC-2025-02,2025-11-28,2025-12-06,Wind,Closed,71879.84,71028.79,2026-04-08
CLM-001352,POL-000479,CYC-2024-02,2024-03-15,2024-03-27,Wind,Open,38621.62,0.0,2024-03-27
CLM-001353,POL-001199,CYC-2024-02,2024-03-16,2024-03-22,Wind,Open,10875.48,0.0,2024-03-22
CLM-001353,POL-001199,CYC-2024-02,2024-03-16,2024-03-22,Wind,Closed,30716.22,28233.33,2024-05-02
CLM-001354,POL-003666,CYC-2023-02,2023-12-04,2023-12-07,Storm Surge,Open,55559.09,0.0,2023-12-07
CLM-001355,POL-000674,CYC-2025-02,2025-11-29,2025-12-10,Storm Surge,Open,8733.24,0.0,2025-12-10
CLM-001355,POL-000674,CYC-2025-02,2025-11-29,2025-12-10,Storm Surge,Closed,15264.41,14948.99,2026-03-23
CLM-001356,POL-004155,CYC-2023-02,2023-12-04,2023-12-10,Wind,Open,21951.24,0.0,2023-12-10
CLM-001356,POL-004155,CYC-2023-02,2023-12-04,2023-12-10,Wind,Closed,61316.66,54498.0,2024-05-08
CLM-001357,POL-004610,CYC-2023-02,2023-12-03,2023-12-12,Wind,Open,40973.6,0.0,2023-12-12
CLM-001357,POL-004610,CYC-2023-02,2023-12-03,2023-12-12,Wind,Closed,93112.34,81856.54,2024-04-08
CLM-001358,POL-000387,CYC-2023-02,2023-12-03,2023-12-04,Storm Surge,Open,17904.63,0.0,2023-12-04
CLM-001358,POL-000387,CYC-2023-02,2023-12-03,2023-12-04,Storm Surge,Closed,40701.09,39903.4,2024-02-01
CLM-001359,POL-004463,CYC-2025-01,2025-02-10,2025-02-15,Wind,Open,68857.97,0.0,2025-02-15
CLM-001359,POL-004463,CYC-2025-01,2025-02-10,2025-02-15,Wind,Closed,181278.7,171204.13,2025-06-02
CLM-001360,POL-003181,CYC-2025-01,2025-02-09,2025-02-17,Riverine Flood,Open,78147.37,0.0,2025-02-17
CLM-001360,POL-003181,CYC-2025-01,2025-02-09,2025-02-17,Riverine Flood,Closed,231992.99,207810.16,2025-05-06
CLM-001361,POL-003641,CYC-2024-01,2024-01-24,2024-01-27,Wind,Open,61850.65,0.0,2024-01-27
CLM-001362,POL-003297,CYC-2024-02,2024-03-15,2024-03-21,Wind,Open,80969.98,0.0,2024-03-21
CLM-001363,POL-001310,CYC-2023-01,2023-02-12,2023-02-13,Wind,Open,49484.91,0.0,2023-02-13
CLM-001364,POL-004739,CYC-2023-02,2023-12-04,2023-12-16,Riverine Flood,Open,127166.65,0.0,2023-12-16
CLM-001364,POL-004739,CYC-2023-02,2023-12-04,2023-12-16,Riverine Flood,Closed,249581.07,230812.45,2024-01-28
CLM-001365,POL-002150,CYC-2024-02,2024-03-16,2024-03-23,Wind,Open,45804.93,0.0,2024-03-23
CLM-001365,POL-002150,CYC-2024-02,2024-03-16,2024-03-23,Wind,Closed,80423.78,76926.15,2024-07-23
CLM-001366,POL-001725,CYC-2024-02,2024-03-15,2024-03-25,Riverine Flood,Open,448640.43,0.0,2024-03-25
CLM-001366,POL-001725,CYC-2024-02,2024-03-15,2024-03-25,Riverine Flood,Closed,784676.57,686575.28,2024-04-16
CLM-001367,POL-002195,CYC-2025-01,2025-02-08,2025-02-15,Wind,Open,26766.14,0.0,2025-02-15
CLM-001367,POL-002195,CYC-2025-01,2025-02-08,2025-02-15,Wind,Closed,65753.28,58991.77,2025-06-17
CLM-001368,POL-002888,CYC-2025-01,2025-02-10,2025-02-24,Storm Surge,Open,39839.42,0.0,2025-02-24
CLM-001368,POL-002888,CYC-2025-01,2025-02-10,2025-02-24,Storm Surge,Closed,80183.24,71272.91,2025-05-15
CLM-001369,POL-002221,CYC-2025-02,2025-11-28,2025-12-03,Riverine Flood,Open,22144.87,0.0,2025-12-03
CLM-001369,POL-002221,CYC-2025-02,2025-11-28,2025-12-03,Riverine Flood,Closed,48395.92,46786.53,2026-04-03
CLM-001370,POL-002151,CYC-2023-02,2023-12-04,2023-12-11,Wind,Open,219106.67,0.0,2023-12-11
CLM-001370,POL-002151,CYC-2023-02,2023-12-04,2023-12-11,Wind,Closed,425144.27,374317.07,2024-02-25
CLM-001371,POL-002211,CYC-2023-02,2023-12-03,2023-12-16,Storm Surge,Open,46595.02,0.0,2023-12-16
CLM-001371,POL-002211,CYC-2023-02,2023-12-03,2023-12-16,Storm Surge,Closed,137168.54,123230.24,2024-04-04
CLM-001372,POL-000217,CYC-2023-02,2023-12-05,2023-12-17,Storm Surge,Open,1659968.35,0.0,2023-12-17
CLM-001373,POL-004614,CYC-2023-01,2023-02-11,2023-02-14,Riverine Flood,Open,97599.63,0.0,2023-02-14
CLM-001373,POL-004614,CYC-2023-01,2023-02-11,2023-02-14,Riverine Flood,Closed,214457.92,198697.99,2023-03-27
CLM-001374,POL-002637,CYC-2024-01,2024-01-22,2024-01-29,Wind,Open,60552.72,0.0,2024-01-29
CLM-001375,POL-000585,CYC-2024-02,2024-03-17,2024-03-20,Storm Surge,Open,81029.44,0.0,2024-03-20
CLM-001376,POL-002200,CYC-2025-01,2025-02-09,2025-02-15,Riverine Flood,Open,27640.05,0.0,2025-02-15
CLM-001376,POL-002200,CYC-2025-01,2025-02-09,2025-02-15,Riverine Flood,Closed,69570.01,60065.97,2025-03-07
CLM-001377,POL-004536,CYC-2025-01,2025-02-10,2025-02-13,Wind,Open,22268.28,0.0,2025-02-13
CLM-001377,POL-004536,CYC-2025-01,2025-02-10,2025-02-13,Wind,Closed,64459.53,63269.98,2025-05-23
CLM-001378,POL-004851,CYC-2024-02,2024-03-17,2024-03-20,Wind,Open,16537.24,0.0,2024-03-20
CLM-001378,POL-004851,CYC-2024-02,2024-03-17,2024-03-20,Wind,Closed,39998.67,34361.05,2024-06-22
CLM-001379,POL-000059,CYC-2025-01,2025-02-10,2025-02-21,Storm Surge,Open,37341.37,0.0,2025-02-21
CLM-001379,POL-000059,CYC-2025-01,2025-02-10,2025-02-21,Storm Surge,Closed,88308.33,79698.77,2025-08-13
CLM-001379,POL-000059,CYC-2025-01,2025-02-10,2025-02-21,Storm Surge,Reopened,90177.65,77941.64,2025-09-04
CLM-001380,POL-001817,CYC-2024-01,2024-01-22,2024-01-23,Riverine Flood,Open,36678.25,0.0,2024-01-23
CLM-001380,POL-001817,CYC-2024-01,2024-01-22,2024-01-23,Riverine Flood,Closed,85725.46,76704.26,2024-06-02
CLM-001380,POL-001817,CYC-2024-01,2024-01-22,2024-01-23,Riverine Flood,Reopened,89170.01,75123.18,2024-08-02
CLM-001381,POL-002133,CYC-2024-01,2024-01-24,2024-01-28,Storm Surge,Open,88210.66,0.0,2024-01-28
CLM-001381,POL-002133,CYC-2024-01,2024-01-24,2024-01-28,Storm Surge,Closed,252884.81,246808.79,2024-07-07
CLM-001382,POL-002882,CYC-2024-01,2024-01-23,2024-01-26,Wind,Open,48899.06,0.0,2024-01-26
CLM-001382,POL-002882,CYC-2024-01,2024-01-23,2024-01-26,Wind,Closed,141884.94,137239.15,2024-04-27
CLM-001383,POL-004752,CYC-2023-02,2023-12-05,2023-12-12,Riverine Flood,Open,113146.47,0.0,2023-12-12
CLM-001383,POL-004752,CYC-2023-02,2023-12-05,2023-12-12,Riverine Flood,Closed,250528.16,214119.23,2024-01-26
CLM-001384,POL-002790,CYC-2025-02,2025-11-28,2025-12-09,Wind,Open,31118.03,0.0,2025-12-09
CLM-001385,POL-000370,CYC-2025-02,2025-11-29,2025-12-07,Storm Surge,Open,524287.79,0.0,2025-12-07
CLM-001386,POL-003628,CYC-2024-02,2024-03-17,2024-03-27,Riverine Flood,Open,141745.51,0.0,2024-03-27
CLM-001386,POL-003628,CYC-2024-02,2024-03-17,2024-03-27,Riverine Flood,Closed,461083.21,403723.88,2024-06-22
CLM-001387,POL-004092,CYC-2023-01,2023-02-13,2023-02-27,Wind,Open,201186.07,0.0,2023-02-27
CLM-001387,POL-004092,CYC-2023-01,2023-02-13,2023-02-27,Wind,Closed,425416.78,382232.86,2023-04-07
CLM-001388,POL-004997,CYC-2025-01,2025-02-08,2025-02-18,Riverine Flood,Open,59353.32,0.0,2025-02-18
CLM-001388,POL-004997,CYC-2025-01,2025-02-08,2025-02-18,Riverine Flood,Closed,191362.8,177685.1,2025-07-29
CLM-001389,POL-002525,CYC-2025-02,2025-11-28,2025-12-08,Wind,Open,61061.73,0.0,2025-12-08
CLM-001389,POL-002525,CYC-2025-02,2025-11-28,2025-12-08,Wind,Closed,155389.23,134413.07,2026-05-29
CLM-001390,POL-004723,CYC-2023-02,2023-12-05,2023-12-07,Riverine Flood,Open,34723.69,0.0,2023-12-07
CLM-001390,POL-004723,CYC-2023-02,2023-12-05,2023-12-07,Riverine Flood,Closed,80747.61,72025.96,2024-04-18
CLM-001391,POL-004554,CYC-2024-01,2024-01-22,2024-02-02,Riverine Flood,Open,106879.47,0.0,2024-02-02
CLM-001391,POL-004554,CYC-2024-01,2024-01-22,2024-02-02,Riverine Flood,Closed,179632.44,174381.39,2024-06-04
CLM-001392,POL-003525,CYC-2025-01,2025-02-09,2025-02-21,Wind,Open,37826.13,0.0,2025-02-21
CLM-001392,POL-003525,CYC-2025-01,2025-02-09,2025-02-21,Wind,Closed,104721.78,90938.7,2025-03-15
CLM-001393,POL-001357,CYC-2025-02,2025-11-29,2025-12-12,Storm Surge,Open,109337.98,0.0,2025-12-12
CLM-001393,POL-001357,CYC-2025-02,2025-11-29,2025-12-12,Storm Surge,Closed,341376.28,294765.34,2026-01-22
CLM-001394,POL-003892,CYC-2025-01,2025-02-10,2025-02-13,Wind,Open,19264.75,0.0,2025-02-13
CLM-001395,POL-003780,CYC-2025-01,2025-02-09,2025-02-15,Riverine Flood,Open,195365.5,0.0,2025-02-15
CLM-001395,POL-003780,CYC-2025-01,2025-02-09,2025-02-15,Riverine Flood,Closed,510955.18,438968.41,2025-07-03
CLM-001396,POL-002609,CYC-2025-02,2025-11-28,2025-12-06,Wind,Open,18191.88,0.0,2025-12-06
CLM-001396,POL-002609,CYC-2025-02,2025-11-28,2025-12-06,Wind,Closed,52770.24,50401.83,2026-02-24
CLM-001397,POL-004287,CYC-2025-02,2025-11-27,2025-12-02,Wind,Open,238858.74,0.0,2025-12-02
CLM-001397,POL-004287,CYC-2025-02,2025-11-27,2025-12-02,Wind,Closed,453697.22,425261.89,2026-02-19
CLM-001398,POL-001648,CYC-2025-01,2025-02-09,2025-02-18,Riverine Flood,Open,55020.93,0.0,2025-02-18
CLM-001398,POL-001648,CYC-2025-01,2025-02-09,2025-02-18,Riverine Flood,Closed,140737.39,129142.08,2025-04-18
CLM-001399,POL-002261,CYC-2025-01,2025-02-08,2025-02-18,Storm Surge,Open,92196.47,0.0,2025-02-18
CLM-001399,POL-002261,CYC-2025-01,2025-02-08,2025-02-18,Storm Surge,Closed,291236.4,251130.76,2025-06-01
CLM-001400,POL-004240,CYC-2023-02,2023-12-05,2023-12-06,Wind,Open,6767.02,0.0,2023-12-06
CLM-001400,POL-004240,CYC-2023-02,2023-12-05,2023-12-06,Wind,Closed,15871.11,13821.17,2024-05-15
CLM-001401,POL-002569,CYC-2023-02,2023-12-03,2023-12-05,Wind,Open,21633.08,0.0,2023-12-05
CLM-001401,POL-002569,CYC-2023-02,2023-12-03,2023-12-05,Wind,Closed,51554.4,50159.3,2024-03-15
CLM-001402,POL-001225,CYC-2023-02,2023-12-03,2023-12-10,Wind,Open,191586.58,0.0,2023-12-10
CLM-001402,POL-001225,CYC-2023-02,2023-12-03,2023-12-10,Wind,Closed,345264.65,320666.68,2024-05-20
CLM-001403,POL-000668,CYC-2024-01,2024-01-24,2024-01-28,Riverine Flood,Open,33035.71,0.0,2024-01-28
CLM-001403,POL-000668,CYC-2024-01,2024-01-24,2024-01-28,Riverine Flood,Closed,97718.19,89289.59,2024-05-04
CLM-001404,POL-004930,CYC-2025-01,2025-02-08,2025-02-11,Riverine Flood,Open,10299.12,0.0,2025-02-11
CLM-001405,POL-001858,CYC-2024-02,2024-03-17,2024-03-31,Storm Surge,Open,45479.95,0.0,2024-03-31
CLM-001405,POL-001858,CYC-2024-02,2024-03-17,2024-03-31,Storm Surge,Closed,116443.26,107327.08,2024-05-29
CLM-001406,POL-002083,CYC-2023-02,2023-12-05,2023-12-13,Storm Surge,Open,82375.77,0.0,2023-12-13
CLM-001407,POL-000428,CYC-2025-01,2025-02-09,2025-02-10,Wind,Open,135686.34,0.0,2025-02-10
CLM-001407,POL-000428,CYC-2025-01,2025-02-09,2025-02-10,Wind,Closed,323026.34,286517.38,2025-07-20
CLM-001408,POL-003725,CYC-2024-02,2024-03-16,2024-03-22,Wind,Open,99615.4,0.0,2024-03-22
CLM-001408,POL-003725,CYC-2024-02,2024-03-16,2024-03-22,Wind,Closed,209951.87,208533.74,2024-08-13
CLM-001409,POL-001736,CYC-2024-02,2024-03-17,2024-03-22,Riverine Flood,Open,62193.12,0.0,2024-03-22
CLM-001409,POL-001736,CYC-2024-02,2024-03-17,2024-03-22,Riverine Flood,Closed,116379.67,109294.64,2024-07-31
CLM-001410,POL-003757,CYC-2024-02,2024-03-17,2024-03-25,Riverine Flood,Open,25775.93,0.0,2024-03-25
CLM-001410,POL-003757,CYC-2024-02,2024-03-17,2024-03-25,Riverine Flood,Closed,53512.53,49827.89,2024-06-24
CLM-001411,POL-002894,CYC-2023-02,2023-12-05,2023-12-17,Wind,Open,22219.16,0.0,2023-12-17
CLM-001412,POL-000647,CYC-2024-02,2024-03-17,2024-03-25,Storm Surge,Open,28758.39,0.0,2024-03-25
CLM-001412,POL-000647,CYC-2024-02,2024-03-17,2024-03-25,Storm Surge,Closed,65675.34,59452.99,2024-06-16
CLM-001412,POL-000647,CYC-2024-02,2024-03-17,2024-03-25,Storm Surge,Reopened,70140.91,58815.54,2024-11-14
CLM-001413,POL-004028,CYC-2025-01,2025-02-10,2025-02-24,Storm Surge,Open,13049.38,0.0,2025-02-24
CLM-001413,POL-004028,CYC-2025-01,2025-02-10,2025-02-24,Storm Surge,Closed,38305.66,38180.9,2025-03-16
CLM-001413,POL-004028,CYC-2025-01,2025-02-10,2025-02-24,Storm Surge,Reopened,39594.77,33253.1,2025-09-20
CLM-001414,POL-002564,CYC-2025-02,2025-11-27,2025-12-11,Wind,Open,46985.65,0.0,2025-12-11
CLM-001414,POL-002564,CYC-2025-02,2025-11-27,2025-12-11,Wind,Closed,80899.26,72034.39,2026-04-04
CLM-001415,POL-004513,CYC-2025-01,2025-02-10,2025-02-20,Riverine Flood,Open,53912.95,0.0,2025-02-20
CLM-001415,POL-004513,CYC-2025-01,2025-02-10,2025-02-20,Riverine Flood,Closed,97258.33,84684.68,2025-05-09
CLM-001416,POL-004837,CYC-2023-02,2023-12-03,2023-12-07,Storm Surge,Open,190851.98,0.0,2023-12-07
CLM-001416,POL-004837,CYC-2023-02,2023-12-03,2023-12-07,Storm Surge,Closed,339432.95,309879.35,2024-01-05
CLM-001416,POL-004837,CYC-2023-02,2023-12-03,2023-12-07,Storm Surge,Reopened,381717.0,317121.72,2024-07-29
CLM-001417,POL-001824,CYC-2025-01,2025-02-09,2025-02-17,Wind,Open,42593.36,0.0,2025-02-17
CLM-001417,POL-001824,CYC-2025-01,2025-02-09,2025-02-17,Wind,Closed,136639.85,135594.1,2025-08-12
CLM-001418,POL-002246,CYC-2025-01,2025-02-10,2025-02-18,Wind,Open,63441.72,0.0,2025-02-18
CLM-001418,POL-002246,CYC-2025-01,2025-02-10,2025-02-18,Wind,Closed,118924.94,116924.61,2025-06-03
CLM-001419,POL-000840,CYC-2025-01,2025-02-10,2025-02-11,Riverine Flood,Open,61106.85,0.0,2025-02-11
CLM-001419,POL-000840,CYC-2025-01,2025-02-10,2025-02-11,Riverine Flood,Closed,180060.97,178102.54,2025-07-02
CLM-001420,POL-003051,CYC-2023-02,2023-12-04,2023-12-08,Wind,Open,189134.17,0.0,2023-12-08
CLM-001420,POL-003051,CYC-2023-02,2023-12-04,2023-12-08,Wind,Closed,589731.67,520875.16,2024-03-05
CLM-001421,POL-001300,CYC-2024-02,2024-03-16,2024-03-27,Wind,Open,712443.62,0.0,2024-03-27
CLM-001421,POL-001300,CYC-2024-02,2024-03-16,2024-03-27,Wind,Closed,1510856.3,1290248.57,2024-07-29
CLM-001422,POL-001903,CYC-2024-01,2024-01-24,2024-01-31,Riverine Flood,Open,47581.15,0.0,2024-01-31
CLM-001422,POL-001903,CYC-2024-01,2024-01-24,2024-01-31,Riverine Flood,Closed,88673.05,76613.88,2024-07-13
CLM-001423,POL-001582,CYC-2024-02,2024-03-16,2024-03-25,Riverine Flood,Open,73800.28,0.0,2024-03-25
CLM-001423,POL-001582,CYC-2024-02,2024-03-16,2024-03-25,Riverine Flood,Closed,128799.41,109930.35,2024-04-17
CLM-001424,POL-003858,CYC-2025-01,2025-02-08,2025-02-19,Wind,Open,30151.08,0.0,2025-02-19
CLM-001424,POL-003858,CYC-2025-01,2025-02-08,2025-02-19,Wind,Closed,57591.59,50559.4,2025-04-26
CLM-001425,POL-001230,CYC-2023-02,2023-12-04,2023-12-16,Wind,Open,164586.67,0.0,2023-12-16
CLM-001425,POL-001230,CYC-2023-02,2023-12-04,2023-12-16,Wind,Closed,278759.64,276551.88,2024-05-07
CLM-001426,POL-004913,CYC-2023-02,2023-12-04,2023-12-12,Wind,Open,2038685.16,0.0,2023-12-12
CLM-001426,POL-004913,CYC-2023-02,2023-12-04,2023-12-12,Wind,Closed,5180332.32,4836918.67,2024-04-10
CLM-001427,POL-004734,CYC-2025-02,2025-11-27,2025-12-06,Wind,Open,192174.4,0.0,2025-12-06
CLM-001427,POL-004734,CYC-2025-02,2025-11-27,2025-12-06,Wind,Closed,342818.67,295787.45,2026-04-01
CLM-001428,POL-004957,CYC-2023-02,2023-12-05,2023-12-07,Storm Surge,Open,59043.83,0.0,2023-12-07
CLM-001429,POL-003325,CYC-2023-02,2023-12-05,2023-12-08,Wind,Open,34394.19,0.0,2023-12-08
CLM-001429,POL-003325,CYC-2023-02,2023-12-05,2023-12-08,Wind,Closed,97949.83,92187.97,2024-01-23
CLM-001430,POL-001502,CYC-2025-01,2025-02-10,2025-02-22,Wind,Open,49174.13,0.0,2025-02-22
CLM-001430,POL-001502,CYC-2025-01,2025-02-10,2025-02-22,Wind,Closed,144717.63,127051.96,2025-05-15
CLM-001431,POL-001284,CYC-2025-01,2025-02-08,2025-02-15,Riverine Flood,Open,23480.47,0.0,2025-02-15
CLM-001431,POL-001284,CYC-2025-01,2025-02-08,2025-02-15,Riverine Flood,Closed,40941.81,36067.04,2025-07-16
CLM-001432,POL-004993,CYC-2023-02,2023-12-04,2023-12-13,Storm Surge,Open,63485.9,0.0,2023-12-13
CLM-001432,POL-004993,CYC-2023-02,2023-12-04,2023-12-13,Storm Surge,Closed,108762.24,97392.36,2024-01-30
CLM-001433,POL-000817,CYC-2025-01,2025-02-09,2025-02-19,Wind,Open,10965.03,0.0,2025-02-19
CLM-001433,POL-000817,CYC-2025-01,2025-02-09,2025-02-19,Wind,Closed,20893.98,18812.87,2025-07-20
CLM-001434,POL-003058,CYC-2024-02,2024-03-17,2024-03-22,Wind,Open,16470.06,0.0,2024-03-22
CLM-001434,POL-003058,CYC-2024-02,2024-03-17,2024-03-22,Wind,Reopened,54901.74,45616.53,2024-11-17
CLM-001435,POL-003710,CYC-2025-02,2025-11-29,2025-12-07,Riverine Flood,Open,50848.99,0.0,2025-12-07
CLM-001435,POL-003710,CYC-2025-02,2025-11-29,2025-12-07,Riverine Flood,Closed,94935.0,81368.51,2026-03-19
CLM-001436,POL-002756,CYC-2025-01,2025-02-10,2025-02-15,Wind,Open,1254404.98,0.0,2025-02-15
CLM-001436,POL-002756,CYC-2025-01,2025-02-10,2025-02-15,Wind,Closed,2492683.41,2466235.51,2025-06-08
CLM-001437,POL-004472,CYC-2023-02,2023-12-04,2023-12-15,Wind,Open,52136.17,0.0,2023-12-15
CLM-001437,POL-004472,CYC-2023-02,2023-12-04,2023-12-15,Wind,Closed,117032.75,116327.19,2024-01-06
CLM-001438,POL-001116,CYC-2023-02,2023-12-05,2023-12-07,Riverine Flood,Open,307466.11,0.0,2023-12-07
CLM-001438,POL-001116,CYC-2023-02,2023-12-05,2023-12-07,Riverine Flood,Closed,797136.86,713880.71,2024-03-27
CLM-001438,POL-001116,CYC-2023-02,2023-12-05,2023-12-07,Riverine Flood,Reopened,868292.62,786717.86,2024-06-28
CLM-001439,POL-002967,CYC-2024-02,2024-03-17,2024-03-28,Wind,Open,461247.58,0.0,2024-03-28
CLM-001439,POL-002967,CYC-2024-02,2024-03-17,2024-03-28,Wind,Closed,1209396.71,1125538.89,2024-05-19
CLM-001440,POL-001096,CYC-2023-02,2023-12-03,2023-12-12,Riverine Flood,Open,23743.58,0.0,2023-12-12
CLM-001440,POL-001096,CYC-2023-02,2023-12-03,2023-12-12,Riverine Flood,Closed,48414.53,42914.56,2024-06-08
CLM-001441,POL-004415,CYC-2024-01,2024-01-22,2024-01-28,Wind,Open,36360.79,0.0,2024-01-28
CLM-001441,POL-004415,CYC-2024-01,2024-01-22,2024-01-28,Wind,Closed,72551.78,68266.49,2024-05-22
CLM-001442,POL-001315,CYC-2024-02,2024-03-15,2024-03-17,Storm Surge,Open,40966.08,0.0,2024-03-17
CLM-001442,POL-001315,CYC-2024-02,2024-03-15,2024-03-17,Storm Surge,Closed,77786.15,77476.52,2024-09-04
CLM-001443,POL-001471,CYC-2024-02,2024-03-17,2024-03-26,Wind,Open,52793.4,0.0,2024-03-26
CLM-001443,POL-001471,CYC-2024-02,2024-03-17,2024-03-26,Wind,Closed,96992.97,91034.39,2024-08-14
CLM-001444,POL-000667,CYC-2024-02,2024-03-17,2024-03-26,Riverine Flood,Open,83057.65,0.0,2024-03-26
CLM-001445,POL-002342,CYC-2025-02,2025-11-28,2025-12-07,Wind,Open,81603.75,0.0,2025-12-07
CLM-001445,POL-002342,CYC-2025-02,2025-11-28,2025-12-07,Wind,Closed,154139.99,137612.52,2026-04-24
CLM-001446,POL-002801,CYC-2025-02,2025-11-29,2025-12-06,Wind,Open,43420.7,0.0,2025-12-06
CLM-001447,POL-002636,CYC-2024-02,2024-03-16,2024-03-26,Wind,Open,46650.08,0.0,2024-03-26
CLM-001447,POL-002636,CYC-2024-02,2024-03-16,2024-03-26,Wind,Closed,99393.58,96743.06,2024-04-29
CLM-001448,POL-002088,CYC-2024-02,2024-03-15,2024-03-22,Wind,Open,49785.02,0.0,2024-03-22
CLM-001449,POL-004414,CYC-2023-02,2023-12-03,2023-12-07,Wind,Open,1149976.02,0.0,2023-12-07
CLM-001449,POL-004414,CYC-2023-02,2023-12-03,2023-12-07,Wind,Closed,2321972.25,2151730.77,2024-03-09
CLM-001450,POL-001349,CYC-2025-01,2025-02-10,2025-02-22,Riverine Flood,Open,182470.82,0.0,2025-02-22
CLM-001450,POL-001349,CYC-2025-01,2025-02-10,2025-02-22,Riverine Flood,Closed,343855.36,293382.99,2025-03-19
CLM-001451,POL-004190,CYC-2024-02,2024-03-16,2024-03-19,Riverine Flood,Open,778309.47,0.0,2024-03-19
CLM-001451,POL-004190,CYC-2024-02,2024-03-16,2024-03-19,Riverine Flood,Closed,1328133.28,1197780.9,2024-07-22
CLM-001452,POL-004989,CYC-2024-01,2024-01-22,2024-02-01,Storm Surge,Open,456416.11,0.0,2024-02-01
CLM-001453,POL-004853,CYC-2024-02,2024-03-17,2024-03-30,Storm Surge,Open,46775.48,0.0,2024-03-30
CLM-001453,POL-004853,CYC-2024-02,2024-03-17,2024-03-30,Storm Surge,Closed,87272.64,75613.93,2024-04-25
CLM-001454,POL-003593,CYC-2024-02,2024-03-16,2024-03-17,Riverine Flood,Open,116952.91,0.0,2024-03-17
CLM-001454,POL-003593,CYC-2024-02,2024-03-16,2024-03-17,Riverine Flood,Closed,267791.97,231445.74,2024-05-27
CLM-001455,POL-001854,CYC-2024-01,2024-01-23,2024-02-06,Riverine Flood,Open,58982.3,0.0,2024-02-06
CLM-001455,POL-001854,CYC-2024-01,2024-01-23,2024-02-06,Riverine Flood,Closed,112108.07,101151.24,2024-06-20
CLM-001456,POL-003112,CYC-2024-01,2024-01-24,2024-01-28,Riverine Flood,Open,185070.1,0.0,2024-01-28
CLM-001456,POL-003112,CYC-2024-01,2024-01-24,2024-01-28,Riverine Flood,Closed,383277.03,380591.67,2024-04-06
CLM-001457,POL-004335,CYC-2024-02,2024-03-17,2024-03-21,Wind,Open,65736.83,0.0,2024-03-21
CLM-001457,POL-004335,CYC-2024-02,2024-03-17,2024-03-21,Wind,Closed,116115.46,110115.58,2024-07-10
CLM-001458,POL-000558,CYC-2023-02,2023-12-05,2023-12-15,Wind,Open,136210.84,0.0,2023-12-15
CLM-001458,POL-000558,CYC-2023-02,2023-12-05,2023-12-15,Wind,Closed,264761.25,232645.2,2024-03-26
CLM-001459,POL-002225,CYC-2025-01,2025-02-08,2025-02-14,Riverine Flood,Open,40491.37,0.0,2025-02-14
CLM-001459,POL-002225,CYC-2025-01,2025-02-08,2025-02-14,Riverine Flood,Closed,80437.03,71505.99,2025-03-31
CLM-001460,POL-001678,CYC-2025-01,2025-02-09,2025-02-16,Wind,Open,3929.72,0.0,2025-02-16
CLM-001460,POL-001678,CYC-2025-01,2025-02-09,2025-02-16,Wind,Closed,12814.93,11020.88,2025-04-10
CLM-001461,POL-003975,CYC-2025-01,2025-02-08,2025-02-14,Wind,Open,14388.66,0.0,2025-02-14
CLM-001461,POL-003975,CYC-2025-01,2025-02-08,2025-02-14,Wind,Closed,36905.82,35287.18,2025-05-29
CLM-001462,POL-001165,CYC-2023-02,2023-12-03,2023-12-11,Wind,Open,67717.46,0.0,2023-12-11
CLM-001462,POL-001165,CYC-2023-02,2023-12-03,2023-12-11,Wind,Closed,185810.63,163973.38,2024-06-06
CLM-001463,POL-002058,CYC-2025-02,2025-11-28,2025-12-11,Wind,Open,12723.45,0.0,2025-12-11
CLM-001463,POL-002058,CYC-2025-02,2025-11-28,2025-12-11,Wind,Closed,24121.61,22792.67,2026-05-23
CLM-001464,POL-003786,CYC-2024-01,2024-01-22,2024-02-03,Riverine Flood,Open,65030.17,0.0,2024-02-03
CLM-001465,POL-003786,CYC-2023-02,2023-12-04,2023-12-08,Storm Surge,Open,58585.74,0.0,2023-12-08
CLM-001465,POL-003786,CYC-2023-02,2023-12-04,2023-12-08,Storm Surge,Closed,125303.57,120841.43,2024-04-07
CLM-001466,POL-001045,CYC-2024-01,2024-01-22,2024-02-03,Wind,Open,44332.12,0.0,2024-02-03
CLM-001467,POL-003366,CYC-2024-01,2024-01-23,2024-02-02,Wind,Open,226481.63,0.0,2024-02-02
CLM-001467,POL-003366,CYC-2024-01,2024-01-23,2024-02-02,Wind,Closed,381695.96,355441.09,2024-03-14
CLM-001468,POL-000506,CYC-2023-02,2023-12-03,2023-12-08,Riverine Flood,Open,138393.66,0.0,2023-12-08
CLM-001468,POL-000506,CYC-2023-02,2023-12-03,2023-12-08,Riverine Flood,Closed,262763.57,237678.9,2024-01-06
CLM-001468,POL-000506,CYC-2023-02,2023-12-03,2023-12-08,Riverine Flood,Reopened,264868.52,246245.84,2024-08-14
CLM-001469,POL-001978,CYC-2024-01,2024-01-24,2024-02-01,Wind,Open,4528983.72,0.0,2024-02-01
CLM-001469,POL-001978,CYC-2024-01,2024-01-24,2024-02-01,Wind,Closed,8042317.48,7640543.16,2024-05-05
CLM-001470,POL-002682,CYC-2025-01,2025-02-08,2025-02-14,Riverine Flood,Open,10641.35,0.0,2025-02-14
CLM-001470,POL-002682,CYC-2025-01,2025-02-08,2025-02-14,Riverine Flood,Closed,24170.15,23595.37,2025-06-25
CLM-001471,POL-004763,CYC-2023-02,2023-12-04,2023-12-16,Wind,Open,49366.3,0.0,2023-12-16
CLM-001471,POL-004763,CYC-2023-02,2023-12-04,2023-12-16,Wind,Closed,116886.12,104250.48,2024-06-09
CLM-001472,POL-001564,CYC-2025-01,2025-02-09,2025-02-10,Riverine Flood,Open,92940.47,0.0,2025-02-10
CLM-001472,POL-001564,CYC-2025-01,2025-02-09,2025-02-10,Riverine Flood,Closed,178955.15,164366.94,2025-05-22
CLM-001473,POL-000416,CYC-2024-01,2024-01-24,2024-01-26,Riverine Flood,Open,49372.17,0.0,2024-01-26
CLM-001473,POL-000416,CYC-2024-01,2024-01-24,2024-01-26,Riverine Flood,Closed,85721.15,75487.12,2024-05-14
CLM-001474,POL-003559,CYC-2024-01,2024-01-23,2024-01-28,Storm Surge,Open,255106.3,0.0,2024-01-28
CLM-001474,POL-003559,CYC-2024-01,2024-01-23,2024-01-28,Storm Surge,Closed,442020.88,432502.33,2024-05-26
CLM-001475,POL-000234,CYC-2025-02,2025-11-28,2025-12-09,Wind,Open,136879.79,0.0,2025-12-09
CLM-001475,POL-000234,CYC-2025-02,2025-11-28,2025-12-09,Wind,Closed,269368.9,267123.33,2026-01-30
CLM-001476,POL-001634,CYC-2024-02,2024-03-16,2024-03-22,Wind,Open,33855.03,0.0,2024-03-22
CLM-001476,POL-001634,CYC-2024-02,2024-03-16,2024-03-22,Wind,Closed,57941.0,49626.77,2024-05-05
CLM-001477,POL-004608,CYC-2025-01,2025-02-10,2025-02-20,Wind,Open,143134.51,0.0,2025-02-20
CLM-001477,POL-004608,CYC-2025-01,2025-02-10,2025-02-20,Wind,Closed,464339.54,425222.19,2025-07-18
CLM-001478,POL-001525,CYC-2024-02,2024-03-17,2024-03-20,Wind,Open,31524.79,0.0,2024-03-20
CLM-001478,POL-001525,CYC-2024-02,2024-03-17,2024-03-20,Wind,Closed,99109.94,95810.31,2024-04-26
CLM-001479,POL-000551,CYC-2025-01,2025-02-09,2025-02-21,Riverine Flood,Open,51055.12,0.0,2025-02-21
CLM-001480,POL-000669,CYC-2024-02,2024-03-15,2024-03-19,Wind,Open,106031.79,0.0,2024-03-19
CLM-001480,POL-000669,CYC-2024-02,2024-03-15,2024-03-19,Wind,Closed,199586.0,185366.05,2024-04-26
CLM-001481,POL-004403,CYC-2024-02,2024-03-15,2024-03-25,Wind,Open,54200.4,0.0,2024-03-25
CLM-001481,POL-004403,CYC-2024-02,2024-03-15,2024-03-25,Wind,Closed,151878.42,151250.69,2024-06-09
CLM-001482,POL-002395,CYC-2024-02,2024-03-17,2024-03-28,Wind,Open,1187218.34,0.0,2024-03-28
CLM-001482,POL-002395,CYC-2024-02,2024-03-17,2024-03-28,Wind,Closed,2143143.58,1911137.54,2024-07-13
CLM-001482,POL-002395,CYC-2024-02,2024-03-17,2024-03-28,Wind,Reopened,2224846.61,2106192.93,2024-11-16
CLM-001483,POL-002306,CYC-2025-01,2025-02-09,2025-02-18,Riverine Flood,Open,108621.54,0.0,2025-02-18
CLM-001483,POL-002306,CYC-2025-01,2025-02-09,2025-02-18,Riverine Flood,Closed,195691.58,185900.27,2025-06-06
CLM-001484,POL-002698,CYC-2025-01,2025-02-08,2025-02-09,Wind,Open,8516.29,0.0,2025-02-09
CLM-001484,POL-002698,CYC-2025-01,2025-02-08,2025-02-09,Wind,Closed,25130.06,22957.16,2025-03-14
CLM-001485,POL-003973,CYC-2023-02,2023-12-04,2023-12-09,Wind,Open,27966.06,0.0,2023-12-09
CLM-001486,POL-004824,CYC-2023-01,2023-02-12,2023-02-13,Wind,Open,22087.78,0.0,2023-02-13
CLM-001486,POL-004824,CYC-2023-01,2023-02-12,2023-02-13,Wind,Closed,51999.98,45759.21,2023-05-19
CLM-001487,POL-002766,CYC-2023-02,2023-12-05,2023-12-19,Riverine Flood,Open,45695.81,0.0,2023-12-19
CLM-001487,POL-002766,CYC-2023-02,2023-12-05,2023-12-19,Riverine Flood,Closed,77621.57,67909.58,2024-02-26
CLM-001488,POL-001812,CYC-2024-01,2024-01-22,2024-01-23,Wind,Open,31427.0,0.0,2024-01-23
CLM-001488,POL-001812,CYC-2024-01,2024-01-22,2024-01-23,Wind,Closed,87849.08,86193.16,2024-06-16
CLM-001489,POL-001333,CYC-2023-02,2023-12-05,2023-12-10,Riverine Flood,Open,16538.63,0.0,2023-12-10
CLM-001489,POL-001333,CYC-2023-02,2023-12-05,2023-12-10,Riverine Flood,Reopened,53611.62,45342.01,2024-07-06
CLM-001490,POL-002472,CYC-2024-01,2024-01-22,2024-01-31,Storm Surge,Open,23135.57,0.0,2024-01-31
CLM-001490,POL-002472,CYC-2024-01,2024-01-22,2024-01-31,Storm Surge,Closed,64358.45,57406.02,2024-07-13
CLM-001491,POL-003335,CYC-2024-01,2024-01-24,2024-02-02,Wind,Open,940629.49,0.0,2024-02-02
CLM-001491,POL-003335,CYC-2024-01,2024-01-24,2024-02-02,Wind,Closed,1850106.14,1805598.27,2024-03-22
CLM-001492,POL-002537,CYC-2024-01,2024-01-24,2024-01-28,Riverine Flood,Open,176606.85,0.0,2024-01-28
CLM-001492,POL-002537,CYC-2024-01,2024-01-24,2024-01-28,Riverine Flood,Closed,394669.3,387073.43,2024-05-06
CLM-001493,POL-003227,CYC-2023-01,2023-02-12,2023-02-25,Wind,Open,811783.13,0.0,2023-02-25
CLM-001493,POL-003227,CYC-2023-01,2023-02-12,2023-02-25,Wind,Closed,2615227.6,2324776.68,2023-06-11
CLM-001494,POL-000047,CYC-2024-01,2024-01-23,2024-01-28,Riverine Flood,Open,77149.93,0.0,2024-01-28
CLM-001495,POL-002215,CYC-2024-02,2024-03-15,2024-03-25,Wind,Open,45344.62,0.0,2024-03-25
CLM-001495,POL-002215,CYC-2024-02,2024-03-15,2024-03-25,Wind,Closed,79919.96,72108.91,2024-06-10
CLM-001496,POL-002996,CYC-2024-02,2024-03-17,2024-03-23,Wind,Open,25944.95,0.0,2024-03-23
CLM-001496,POL-002996,CYC-2024-02,2024-03-17,2024-03-23,Wind,Closed,78011.55,68121.98,2024-05-21
CLM-001497,POL-004866,CYC-2024-01,2024-01-22,2024-01-28,Wind,Open,38667.83,0.0,2024-01-28
CLM-001497,POL-004866,CYC-2024-01,2024-01-22,2024-01-28,Wind,Closed,77181.42,68766.65,2024-03-30
CLM-001498,POL-001790,CYC-2023-02,2023-12-04,2023-12-11,Riverine Flood,Open,15202.55,0.0,2023-12-11
CLM-001498,POL-001790,CYC-2023-02,2023-12-04,2023-12-11,Riverine Flood,Closed,32043.5,29684.7,2024-02-21
CLM-001499,POL-001352,CYC-2025-01,2025-02-09,2025-02-15,Wind,Open,85100.71,0.0,2025-02-15
CLM-001499,POL-001352,CYC-2025-01,2025-02-09,2025-02-15,Wind,Closed,173056.04,148335.66,2025-08-10
CLM-001500,POL-003668,CYC-2025-02,2025-11-28,2025-12-08,Wind,Open,455468.32,0.0,2025-12-08
CLM-001501,POL-003826,CYC-2025-02,2025-11-27,2025-12-11,Wind,Open,89698.43,0.0,2025-12-11
CLM-001501,POL-003826,CYC-2025-02,2025-11-27,2025-12-11,Wind,Closed,292857.79,274305.17,2026-01-19
CLM-001502,POL-004799,CYC-2025-01,2025-02-10,2025-02-12,Wind,Open,88718.7,0.0,2025-02-12
CLM-001502,POL-004799,CYC-2025-01,2025-02-10,2025-02-12,Wind,Closed,154416.48,133104.62,2025-06-11
CLM-001503,POL-003637,CYC-2024-01,2024-01-23,2024-02-06,Wind,Open,26238.23,0.0,2024-02-06
CLM-001504,POL-000406,CYC-2025-02,2025-11-28,2025-11-30,Wind,Open,85897.51,0.0,2025-11-30
CLM-001504,POL-000406,CYC-2025-02,2025-11-28,2025-11-30,Wind,Closed,276099.2,273153.04,2026-05-18
CLM-001505,POL-001235,CYC-2025-01,2025-02-09,2025-02-17,Riverine Flood,Open,108297.51,0.0,2025-02-17
CLM-001505,POL-001235,CYC-2025-01,2025-02-09,2025-02-17,Riverine Flood,Closed,189886.24,164257.76,2025-05-06
CLM-001506,POL-000065,CYC-2025-01,2025-02-09,2025-02-17,Wind,Open,47922.38,0.0,2025-02-17
CLM-001507,POL-000378,CYC-2024-02,2024-03-17,2024-03-26,Wind,Open,51276.4,0.0,2024-03-26
CLM-001507,POL-000378,CYC-2024-02,2024-03-17,2024-03-26,Wind,Closed,133542.46,121491.67,2024-08-17
CLM-001508,POL-000645,CYC-2025-01,2025-02-09,2025-02-11,Riverine Flood,Open,28375.92,0.0,2025-02-11
CLM-001508,POL-000645,CYC-2025-01,2025-02-09,2025-02-11,Riverine Flood,Closed,47514.25,42394.95,2025-05-02
CLM-001509,POL-002869,CYC-2025-01,2025-02-08,2025-02-13,Storm Surge,Open,77798.12,0.0,2025-02-13
CLM-001509,POL-002869,CYC-2025-01,2025-02-08,2025-02-13,Storm Surge,Closed,151473.43,130778.32,2025-06-10
CLM-001510,POL-002625,CYC-2024-02,2024-03-16,2024-03-21,Wind,Open,128314.83,0.0,2024-03-21
CLM-001511,POL-002187,CYC-2024-02,2024-03-16,2024-03-27,Riverine Flood,Open,33218.26,0.0,2024-03-27
CLM-001511,POL-002187,CYC-2024-02,2024-03-16,2024-03-27,Riverine Flood,Closed,81871.0,74927.87,2024-05-17
CLM-001512,POL-002774,CYC-2025-01,2025-02-09,2025-02-21,Storm Surge,Open,167557.52,0.0,2025-02-21
CLM-001512,POL-002774,CYC-2025-01,2025-02-09,2025-02-21,Storm Surge,Closed,491169.02,476351.03,2025-06-07
CLM-001513,POL-000338,CYC-2023-02,2023-12-03,2023-12-15,Riverine Flood,Open,37168.56,0.0,2023-12-15
CLM-001514,POL-001791,CYC-2024-02,2024-03-15,2024-03-17,Wind,Open,39174.38,0.0,2024-03-17
CLM-001514,POL-001791,CYC-2024-02,2024-03-15,2024-03-17,Wind,Closed,77254.62,69581.46,2024-07-20
CLM-001515,POL-002602,CYC-2024-02,2024-03-17,2024-03-26,Wind,Open,36300.59,0.0,2024-03-26
CLM-001515,POL-002602,CYC-2024-02,2024-03-17,2024-03-26,Wind,Closed,72573.07,63243.37,2024-09-20
CLM-001516,POL-004401,CYC-2024-02,2024-03-17,2024-03-20,Riverine Flood,Open,711754.31,0.0,2024-03-20
CLM-001516,POL-004401,CYC-2024-02,2024-03-17,2024-03-20,Riverine Flood,Closed,1926134.75,1878033.67,2024-08-01
CLM-001517,POL-002431,CYC-2025-01,2025-02-08,2025-02-17,Riverine Flood,Open,80087.12,0.0,2025-02-17
CLM-001517,POL-002431,CYC-2025-01,2025-02-08,2025-02-17,Riverine Flood,Closed,145071.73,128191.12,2025-07-30
CLM-001518,POL-001927,CYC-2024-02,2024-03-17,2024-03-22,Riverine Flood,Open,122330.32,0.0,2024-03-22
CLM-001518,POL-001927,CYC-2024-02,2024-03-17,2024-03-22,Riverine Flood,Closed,272036.26,243005.25,2024-09-13
CLM-001519,POL-000912,CYC-2025-02,2025-11-28,2025-12-11,Wind,Open,2593744.71,0.0,2025-12-11
CLM-001519,POL-000912,CYC-2025-02,2025-11-28,2025-12-11,Wind,Closed,4433606.21,3877719.26,2026-02-16
CLM-001520,POL-004134,CYC-2025-01,2025-02-09,2025-02-12,Riverine Flood,Open,56934.31,0.0,2025-02-12
CLM-001520,POL-004134,CYC-2025-01,2025-02-09,2025-02-12,Riverine Flood,Reopened,200957.47,179922.83,2025-10-17
CLM-001521,POL-001161,CYC-2099-01,2025-11-29,2025-12-08,Storm Surge,Open,223110.93,0.0,2025-12-08
CLM-001521,POL-999999,CYC-2025-02,2025-11-29,2025-12-08,Storm Surge,Closed,617975.4,548487.62,2026-03-06
CLM-001522,POL-000755,CYC-2024-02,2024-03-17,2024-03-20,Wind,Open,61227.83,0.0,2024-03-20
CLM-001522,POL-000755,CYC-2024-02,02/10/2025,2024-03-20,Wind,Closed,135439.52,116246.8,2024-04-29
CLM-001523,POL-004856,CYC-2024-02,2024-03-17,2024-03-19,Riverine Flood,Open,313388.29,"1,250.00",2024-03-19
CLM-001523,POL-004856,CYC-2024-02,2024-03-17,2024-03-19,Riverine Flood,Closed,N/A,1013450.74,2024-05-17
CLM-001524,POL-003196,CYC-2023-02,2023-12-04,2023-12-06,Wind,Open,113299.72,0.0,2023-12-06
CLM-001524,POL-003196,CYC-2023-02,2023-12-04,2023-12-01,Wind,Closed,194084.17,187899.61,2024-04-23
CLM-001525,POL-004424,CYC-2025-01,2025-02-10,2025-02-20,Wind,Open,84951.16,0.0,2025-02-20
CLM-001525,POL-004424,CYC-2025-01,2025-02-10,2025-02-07,Wind,Closed,144688.54,129526.34,2025-03-17
CLM-001526,POL-004474,CYC-2025-02,2025-11-27,2025-12-06,Wind,Open,90294.99,0.0,2025-12-06
CLM-001526,POL-004474,CYC-2025-02,2025-11-27,2025-11-24,Wind,Closed,174233.93,164706.66,2026-05-26
CLM-001527,POL-004568,CYC-2023-02,2023-12-04,2023-12-05,Riverine Flood,Open,12991.47,0.0,2023-12-05
CLM-001528,POL-000198,CYC-2024-01,2024-01-24,2024-01-26,Riverine Flood,Open,22077.18,27077.18,2024-01-26
CLM-001529,POL-001040,CYC-2024-02,2024-03-15,2024-03-24,Wind,Open,54599.79,0.0,2024-03-24
CLM-001530,POL-000606,CYC-2023-01,2023-02-13,2023-02-22,Wind,Open,79851.25,84851.25,2023-02-22
CLM-001530,POL-000606,CYC-2023-01,2023-02-13,2023-02-22,Wind,Closed,233606.97,213866.28,2023-03-20
CLM-001531,POL-000678,CYC-2025-02,2025-11-28,2025-12-12,Riverine Flood,Open,40125.86,45125.86,2025-12-12
CLM-001531,POL-000678,CYC-2025-02,2025-11-28,2025-12-12,Riverine Flood,Closed,87374.18,85446.24,2026-04-11
CLM-001532,POL-002553,CYC-2023-02,2023-12-04,2023-12-17,Wind,Open,,0.0,2023-12-17
CLM-001532,,CYC-2023-02,2023-12-04,2023-12-17,Wind,Closed,32373.63,31599.72,2024-02-13
,POL-002346,CYC-2025-02,2025-11-28,2025-11-29,Wind,Open,43462.77,0.0,2025-11-29
CLM-001519,POL-000912,CYC-2025-02,2025-11-28,2025-12-11,Wind,Closed,4434606.20,3877830.37,2026-02-16
CLM-001519,POL-000912,CYC-2025-02,2025-11-28,2025-12-11,Wind,Open,2594744.70,111.11,2025-12-11
CLM-001518,POL-001927,CYC-2024-02,2024-03-17,2024-03-22,Riverine Flood,Closed,273036.25,243116.36,2024-09-13
